,estado,ano_mes,contas_criadas,contas_excluidas,contas_criadas_acumuladas,contas_excluidas_acumuladas,contas_ativas,contas_ativas_fim_mes,contas_ativas_comeco_mes,churn
1413,AC,201602,5.0,0.0,5.0,0.0,5.0,5.0,5.0,0.0
972,AC,201603,5.0,0.0,10.0,0.0,10.0,10.0,10.0,0.0
1022,AC,201604,8.0,0.0,18.0,0.0,18.0,18.0,18.0,0.0
1414,AC,201605,4.0,0.0,22.0,0.0,22.0,22.0,22.0,0.0
30,AC,201606,9.0,0.0,31.0,0.0,31.0,31.0,31.0,0.0
27,AC,201607,5.0,0.0,36.0,0.0,36.0,36.0,36.0,0.0
1544,AC,201608,9.0,0.0,45.0,0.0,45.0,45.0,45.0,0.0
431,AC,201609,10.0,0.0,55.0,0.0,55.0,55.0,55.0,0.0
1244,AC,201610,10.0,0.0,65.0,0.0,65.0,65.0,65.0,0.0
1381,AC,201611,3.0,0.0,68.0,0.0,68.0,68.0,68.0,0.0
609,AC,201612,6.0,0.0,74.0,0.0,74.0,74.0,74.0,0.0
939,AC,201701,6.0,0.0,80.0,0.0,80.0,80.0,80.0,0.0
1478,AC,201702,7.0,0.0,87.0,0.0,87.0,87.0,87.0,0.0
1256,AC,201703,4.0,0.0,91.0,0.0,91.0,91.0,91.0,0.0
56,AC,201704,4.0,0.0,95.0,0.0,95.0,95.0,95.0,0.0
1157,AC,201705,6.0,0.0,101.0,0.0,101.0,101.0,101.0,0.0
155,AC,201706,6.0,0.0,107.0,0.0,107.0,107.0,107.0,0.0
922,AC,201707,6.0,0.0,113.0,0.0,113.0,113.0,113.0,0.0
1153,AC,201708,4.0,0.0,117.0,0.0,117.0,117.0,117.0,0.0
378,AC,201709,11.0,0.0,128.0,0.0,128.0,128.0,128.0,0.0
674,AC,201710,7.0,0.0,135.0,0.0,135.0,135.0,135.0,0.0
1390,AC,201711,3.0,0.0,138.0,0.0,138.0,138.0,138.0,0.0
613,AC,201712,5.0,0.0,143.0,0.0,143.0,143.0,143.0,0.0
1393,AC,201801,4.0,0.0,147.0,0.0,147.0,147.0,147.0,0.0
1311,AC,201802,4.0,0.0,151.0,0.0,151.0,151.0,151.0,0.0
856,AC,201803,6.0,0.0,157.0,0.0,157.0,157.0,157.0,0.0
1201,AC,201804,3.0,0.0,160.0,0.0,160.0,160.0,160.0,0.0
1637,AC,201805,2.0,0.0,162.0,0.0,162.0,162.0,162.0,0.0
331,AC,201806,5.0,0.0,167.0,0.0,167.0,167.0,167.0,0.0
1469,AC,201807,7.0,0.0,174.0,0.0,174.0,174.0,174.0,0.0
1040,AC,201808,6.0,0.0,180.0,0.0,180.0,180.0,180.0,0.0
374,AC,201809,6.0,0.0,186.0,0.0,186.0,186.0,186.0,0.0
1187,AC,201810,4.0,0.0,190.0,0.0,190.0,190.0,190.0,0.0
647,AC,201811,4.0,0.0,194.0,0.0,194.0,194.0,194.0,0.0
69,AC,201812,8.0,0.0,202.0,0.0,202.0,202.0,202.0,0.0
775,AC,201901,9.0,0.0,211.0,0.0,211.0,211.0,211.0,0.0
528,AC,201902,6.0,0.0,217.0,0.0,217.0,217.0,217.0,0.0
746,AC,201903,11.0,1.0,228.0,1.0,227.0,227.0,228.0,0.0043859649122807015
1627,AC,201904,2.0,0.0,230.0,1.0,229.0,229.0,229.0,0.0
1004,AC,201905,4.0,0.0,234.0,1.0,233.0,233.0,233.0,0.0
1485,AC,201906,5.0,0.0,239.0,1.0,238.0,238.0,238.0,0.0
568,AC,201907,6.0,0.0,245.0,1.0,244.0,244.0,244.0,0.0
890,AC,201908,6.0,2.0,251.0,3.0,248.0,248.0,250.0,0.008
884,AC,201909,7.0,0.0,258.0,3.0,255.0,255.0,255.0,0.0
211,AC,201910,7.0,0.0,265.0,3.0,262.0,262.0,262.0,0.0
1026,AC,201911,7.0,0.0,272.0,3.0,269.0,269.0,269.0,0.0
546,AC,201912,8.0,2.0,280.0,5.0,275.0,275.0,277.0,0.007220216606498195
1035,AC,202001,5.0,1.0,285.0,6.0,279.0,279.0,280.0,0.0035714285714285713
527,AC,202002,9.0,1.0,294.0,7.0,287.0,287.0,288.0,0.003472222222222222
42,AC,202003,5.0,1.0,299.0,8.0,291.0,291.0,292.0,0.003424657534246575
1407,AC,202004,9.0,1.0,308.0,9.0,299.0,299.0,300.0,0.0033333333333333335
1448,AC,202005,6.0,0.0,314.0,9.0,305.0,305.0,305.0,0.0
739,AC,202006,9.0,0.0,323.0,9.0,314.0,314.0,314.0,0.0
1207,AC,202007,8.0,2.0,331.0,11.0,320.0,320.0,322.0,0.006211180124223602
1630,AC,202008,3.0,0.0,334.0,11.0,323.0,323.0,323.0,0.0
1554,AC,202009,5.0,1.0,339.0,12.0,327.0,327.0,328.0,0.003048780487804878
1160,AC,202010,3.0,0.0,342.0,12.0,330.0,330.0,330.0,0.0
1206,AC,202011,5.0,0.0,347.0,12.0,335.0,335.0,335.0,0.0
1083,AC,202012,5.0,1.0,352.0,13.0,339.0,339.0,340.0,0.0029411764705882353
1389,AC,202101,5.0,2.0,357.0,15.0,342.0,342.0,344.0,0.005813953488372093
1640,AC,202102,0.0,1.0,357.0,16.0,341.0,341.0,342.0,0.0029239766081871343
1416,AL,201602,2.0,0.0,2.0,0.0,2.0,2.0,2.0,0.0
376,AL,201603,9.0,0.0,11.0,0.0,11.0,11.0,11.0,0.0
1059,AL,201604,6.0,0.0,17.0,0.0,17.0,17.0,17.0,0.0
541,AL,201605,8.0,1.0,25.0,1.0,24.0,24.0,25.0,0.04
442,AL,201606,6.0,0.0,31.0,1.0,30.0,30.0,30.0,0.0
458,AL,201607,5.0,0.0,36.0,1.0,35.0,35.0,35.0,0.0
363,AL,201608,5.0,0.0,41.0,1.0,40.0,40.0,40.0,0.0
1497,AL,201609,1.0,0.0,42.0,1.0,41.0,41.0,41.0,0.0
1310,AL,201610,6.0,0.0,48.0,1.0,47.0,47.0,47.0,0.0
628,AL,201611,12.0,0.0,60.0,1.0,59.0,59.0,59.0,0.0
241,AL,201612,12.0,0.0,72.0,1.0,71.0,71.0,71.0,0.0
122,AL,201701,11.0,0.0,83.0,1.0,82.0,82.0,82.0,0.0
1379,AL,201702,4.0,0.0,87.0,1.0,86.0,86.0,86.0,0.0
1221,AL,201703,7.0,0.0,94.0,1.0,93.0,93.0,93.0,0.0
810,AL,201704,7.0,0.0,101.0,1.0,100.0,100.0,100.0,0.0
239,AL,201705,7.0,1.0,108.0,2.0,106.0,106.0,107.0,0.009345794392523364
780,AL,201706,6.0,0.0,114.0,2.0,112.0,112.0,112.0,0.0
39,AL,201707,5.0,1.0,119.0,3.0,116.0,116.0,117.0,0.008547008547008548
788,AL,201708,4.0,0.0,123.0,3.0,120.0,120.0,120.0,0.0
1114,AL,201709,5.0,1.0,128.0,4.0,124.0,124.0,125.0,0.008
914,AL,201710,7.0,0.0,135.0,4.0,131.0,131.0,131.0,0.0
1081,AL,201711,7.0,0.0,142.0,4.0,138.0,138.0,138.0,0.0
1162,AL,201712,6.0,1.0,148.0,5.0,143.0,143.0,144.0,0.006944444444444444
1626,AL,201801,1.0,1.0,149.0,6.0,143.0,143.0,144.0,0.006944444444444444
1243,AL,201802,4.0,0.0,153.0,6.0,147.0,147.0,147.0,0.0
668,AL,201803,5.0,0.0,158.0,6.0,152.0,152.0,152.0,0.0
658,AL,201804,6.0,0.0,164.0,6.0,158.0,158.0,158.0,0.0
792,AL,201805,8.0,1.0,172.0,7.0,165.0,165.0,166.0,0.006024096385542169
309,AL,201806,4.0,0.0,176.0,7.0,169.0,169.0,169.0,0.0
1358,AL,201807,8.0,0.0,184.0,7.0,177.0,177.0,177.0,0.0
20,AL,201808,5.0,1.0,189.0,8.0,181.0,181.0,182.0,0.005494505494505495
727,AL,201809,4.0,0.0,193.0,8.0,185.0,185.0,185.0,0.0
562,AL,201810,9.0,0.0,202.0,8.0,194.0,194.0,194.0,0.0
1490,AL,201811,4.0,0.0,206.0,8.0,198.0,198.0,198.0,0.0
108,AL,201812,4.0,0.0,210.0,8.0,202.0,202.0,202.0,0.0
511,AL,201901,6.0,0.0,216.0,8.0,208.0,208.0,208.0,0.0
649,AL,201902,5.0,1.0,221.0,9.0,212.0,212.0,213.0,0.004694835680751174
1423,AL,201903,5.0,0.0,226.0,9.0,217.0,217.0,217.0,0.0
37,AL,201904,5.0,0.0,231.0,9.0,222.0,222.0,222.0,0.0
1512,AL,201905,5.0,1.0,236.0,10.0,226.0,226.0,227.0,0.004405286343612335
1549,AL,201906,3.0,1.0,239.0,11.0,228.0,228.0,229.0,0.004366812227074236
1117,AL,201907,2.0,0.0,241.0,11.0,230.0,230.0,230.0,0.0
1030,AL,201908,7.0,0.0,248.0,11.0,237.0,237.0,237.0,0.0
706,AL,201909,5.0,0.0,253.0,11.0,242.0,242.0,242.0,0.0
497,AL,201910,6.0,0.0,259.0,11.0,248.0,248.0,248.0,0.0
1584,AL,201911,3.0,0.0,262.0,11.0,251.0,251.0,251.0,0.0
962,AL,201912,5.0,0.0,267.0,11.0,256.0,256.0,256.0,0.0
1361,AL,202001,2.0,1.0,269.0,12.0,257.0,257.0,258.0,0.003875968992248062
318,AL,202002,10.0,0.0,279.0,12.0,267.0,267.0,267.0,0.0
1006,AL,202003,6.0,1.0,285.0,13.0,272.0,272.0,273.0,0.003663003663003663
931,AL,202004,7.0,1.0,292.0,14.0,278.0,278.0,279.0,0.0035842293906810036
1417,AL,202005,8.0,0.0,300.0,14.0,286.0,286.0,286.0,0.0
185,AL,202006,4.0,1.0,304.0,15.0,289.0,289.0,290.0,0.0034482758620689655
283,AL,202007,10.0,1.0,314.0,16.0,298.0,298.0,299.0,0.0033444816053511705
800,AL,202008,7.0,1.0,321.0,17.0,304.0,304.0,305.0,0.003278688524590164
1216,AL,202009,6.0,0.0,327.0,17.0,310.0,310.0,310.0,0.0
429,AL,202010,5.0,0.0,332.0,17.0,315.0,315.0,315.0,0.0
244,AL,202011,5.0,1.0,337.0,18.0,319.0,319.0,320.0,0.003125
251,AL,202012,4.0,3.0,341.0,21.0,320.0,320.0,323.0,0.009287925696594427
1519,AL,202101,4.0,0.0,345.0,21.0,324.0,324.0,324.0,0.0
661,AL,202102,8.0,1.0,353.0,22.0,331.0,331.0,332.0,0.0030120481927710845
1240,AM,201602,3.0,0.0,3.0,0.0,3.0,3.0,3.0,0.0
1145,AM,201604,5.0,0.0,8.0,0.0,8.0,8.0,8.0,0.0
478,AM,201605,12.0,0.0,20.0,0.0,20.0,20.0,20.0,0.0
1062,AM,201606,5.0,0.0,25.0,0.0,25.0,25.0,25.0,0.0
366,AM,201607,8.0,0.0,33.0,0.0,33.0,33.0,33.0,0.0
425,AM,201608,7.0,1.0,40.0,1.0,39.0,39.0,40.0,0.025
1365,AM,201609,1.0,0.0,41.0,1.0,40.0,40.0,40.0,0.0
1104,AM,201610,6.0,0.0,47.0,1.0,46.0,46.0,46.0,0.0
433,AM,201611,6.0,0.0,53.0,1.0,52.0,52.0,52.0,0.0
670,AM,201612,7.0,0.0,60.0,1.0,59.0,59.0,59.0,0.0
187,AM,201701,10.0,0.0,70.0,1.0,69.0,69.0,69.0,0.0
944,AM,201702,3.0,0.0,73.0,1.0,72.0,72.0,72.0,0.0
1638,AM,201703,1.0,0.0,74.0,1.0,73.0,73.0,73.0,0.0
1527,AM,201704,5.0,0.0,79.0,1.0,78.0,78.0,78.0,0.0
506,AM,201705,12.0,0.0,91.0,1.0,90.0,90.0,90.0,0.0
5,AM,201706,10.0,0.0,101.0,1.0,100.0,100.0,100.0,0.0
1375,AM,201707,6.0,0.0,107.0,1.0,106.0,106.0,106.0,0.0
0,AM,201708,6.0,0.0,113.0,1.0,112.0,112.0,112.0,0.0
812,AM,201709,8.0,0.0,121.0,1.0,120.0,120.0,120.0,0.0
894,AM,201710,5.0,0.0,126.0,1.0,125.0,125.0,125.0,0.0
486,AM,201711,7.0,0.0,133.0,1.0,132.0,132.0,132.0,0.0
255,AM,201712,8.0,0.0,141.0,1.0,140.0,140.0,140.0,0.0
338,AM,201801,10.0,0.0,151.0,1.0,150.0,150.0,150.0,0.0
493,AM,201802,10.0,1.0,161.0,2.0,159.0,159.0,160.0,0.00625
1089,AM,201803,5.0,0.0,166.0,2.0,164.0,164.0,164.0,0.0
868,AM,201804,6.0,0.0,172.0,2.0,170.0,170.0,170.0,0.0
471,AM,201805,10.0,1.0,182.0,3.0,179.0,179.0,180.0,0.005555555555555556
1425,AM,201806,7.0,0.0,189.0,3.0,186.0,186.0,186.0,0.0
1237,AM,201807,3.0,0.0,192.0,3.0,189.0,189.0,189.0,0.0
284,AM,201808,6.0,0.0,198.0,3.0,195.0,195.0,195.0,0.0
305,AM,201809,7.0,2.0,205.0,5.0,200.0,200.0,202.0,0.009900990099009901
1314,AM,201810,5.0,0.0,210.0,5.0,205.0,205.0,205.0,0.0
642,AM,201811,4.0,0.0,214.0,5.0,209.0,209.0,209.0,0.0
25,AM,201812,5.0,1.0,219.0,6.0,213.0,213.0,214.0,0.004672897196261682
136,AM,201901,10.0,0.0,229.0,6.0,223.0,223.0,223.0,0.0
1422,AM,201902,5.0,1.0,234.0,7.0,227.0,227.0,228.0,0.0043859649122807015
304,AM,201903,8.0,0.0,242.0,7.0,235.0,235.0,235.0,0.0
116,AM,201904,9.0,0.0,251.0,7.0,244.0,244.0,244.0,0.0
1440,AM,201905,6.0,0.0,257.0,7.0,250.0,250.0,250.0,0.0
508,AM,201906,7.0,0.0,264.0,7.0,257.0,257.0,257.0,0.0
947,AM,201907,6.0,0.0,270.0,7.0,263.0,263.0,263.0,0.0
259,AM,201908,9.0,1.0,279.0,8.0,271.0,271.0,272.0,0.003676470588235294
1458,AM,201909,6.0,0.0,285.0,8.0,277.0,277.0,277.0,0.0
482,AM,201910,6.0,0.0,291.0,8.0,283.0,283.0,283.0,0.0
697,AM,201911,6.0,0.0,297.0,8.0,289.0,289.0,289.0,0.0
1037,AM,201912,3.0,3.0,300.0,11.0,289.0,289.0,292.0,0.010273972602739725
1269,AM,202001,5.0,1.0,305.0,12.0,293.0,293.0,294.0,0.003401360544217687
1008,AM,202002,4.0,0.0,309.0,12.0,297.0,297.0,297.0,0.0
644,AM,202003,6.0,1.0,315.0,13.0,302.0,302.0,303.0,0.0033003300330033004
1577,AM,202004,5.0,1.0,320.0,14.0,306.0,306.0,307.0,0.003257328990228013
836,AM,202005,7.0,0.0,327.0,14.0,313.0,313.0,313.0,0.0
723,AM,202006,8.0,1.0,335.0,15.0,320.0,320.0,321.0,0.003115264797507788
1205,AM,202007,7.0,1.0,342.0,16.0,326.0,326.0,327.0,0.0030581039755351682
1278,AM,202008,6.0,1.0,348.0,17.0,331.0,331.0,332.0,0.0030120481927710845
1406,AM,202009,5.0,3.0,353.0,20.0,333.0,333.0,336.0,0.008928571428571428
1520,AM,202010,3.0,0.0,356.0,20.0,336.0,336.0,336.0,0.0
539,AM,202011,4.0,1.0,360.0,21.0,339.0,339.0,340.0,0.0029411764705882353
1494,AM,202012,6.0,1.0,366.0,22.0,344.0,344.0,345.0,0.002898550724637681
1066,AM,202101,8.0,1.0,374.0,23.0,351.0,351.0,352.0,0.002840909090909091
1503,AM,202102,6.0,0.0,380.0,23.0,357.0,357.0,357.0,0.0
1604,AP,201602,1.0,0.0,1.0,0.0,1.0,1.0,1.0,0.0
62,AP,201603,12.0,0.0,13.0,0.0,13.0,13.0,13.0,0.0
987,AP,201604,7.0,0.0,20.0,0.0,20.0,20.0,20.0,0.0
1290,AP,201605,7.0,0.0,27.0,0.0,27.0,27.0,27.0,0.0
656,AP,201606,12.0,0.0,39.0,0.0,39.0,39.0,39.0,0.0
1411,AP,201607,6.0,0.0,45.0,0.0,45.0,45.0,45.0,0.0
50,AP,201608,6.0,0.0,51.0,0.0,51.0,51.0,51.0,0.0
1360,AP,201609,5.0,0.0,56.0,0.0,56.0,56.0,56.0,0.0
1579,AP,201610,1.0,0.0,57.0,0.0,57.0,57.0,57.0,0.0
1294,AP,201611,9.0,0.0,66.0,0.0,66.0,66.0,66.0,0.0
12,AP,201612,5.0,0.0,71.0,0.0,71.0,71.0,71.0,0.0
1547,AP,201701,5.0,0.0,76.0,0.0,76.0,76.0,76.0,0.0
1279,AP,201702,9.0,0.0,85.0,0.0,85.0,85.0,85.0,0.0
523,AP,201703,3.0,0.0,88.0,0.0,88.0,88.0,88.0,0.0
1600,AP,201704,4.0,1.0,92.0,1.0,91.0,91.0,92.0,0.010869565217391304
294,AP,201705,8.0,0.0,100.0,1.0,99.0,99.0,99.0,0.0
910,AP,201706,7.0,0.0,107.0,1.0,106.0,106.0,106.0,0.0
341,AP,201707,10.0,0.0,117.0,1.0,116.0,116.0,116.0,0.0
1326,AP,201708,4.0,0.0,121.0,1.0,120.0,120.0,120.0,0.0
373,AP,201709,10.0,0.0,131.0,1.0,130.0,130.0,130.0,0.0
669,AP,201710,4.0,0.0,135.0,1.0,134.0,134.0,134.0,0.0
721,AP,201711,8.0,0.0,143.0,1.0,142.0,142.0,142.0,0.0
525,AP,201712,3.0,0.0,146.0,1.0,145.0,145.0,145.0,0.0
999,AP,201801,6.0,0.0,152.0,1.0,151.0,151.0,151.0,0.0
897,AP,201802,4.0,1.0,156.0,2.0,154.0,154.0,155.0,0.0064516129032258064
857,AP,201803,9.0,0.0,165.0,2.0,163.0,163.0,163.0,0.0
170,AP,201804,4.0,0.0,169.0,2.0,167.0,167.0,167.0,0.0
1027,AP,201805,5.0,0.0,174.0,2.0,172.0,172.0,172.0,0.0
40,AP,201806,9.0,1.0,183.0,3.0,180.0,180.0,181.0,0.0055248618784530384
419,AP,201807,6.0,1.0,189.0,4.0,185.0,185.0,186.0,0.005376344086021506
758,AP,201808,7.0,0.0,196.0,4.0,192.0,192.0,192.0,0.0
1246,AP,201809,8.0,0.0,204.0,4.0,200.0,200.0,200.0,0.0
509,AP,201810,3.0,0.0,207.0,4.0,203.0,203.0,203.0,0.0
1128,AP,201811,2.0,0.0,209.0,4.0,205.0,205.0,205.0,0.0
292,AP,201812,12.0,0.0,221.0,4.0,217.0,217.0,217.0,0.0
991,AP,201901,12.0,1.0,233.0,5.0,228.0,228.0,229.0,0.004366812227074236
1510,AP,201902,4.0,0.0,237.0,5.0,232.0,232.0,232.0,0.0
877,AP,201903,10.0,1.0,247.0,6.0,241.0,241.0,242.0,0.004132231404958678
1573,AP,201904,3.0,0.0,250.0,6.0,244.0,244.0,244.0,0.0
368,AP,201905,7.0,1.0,257.0,7.0,250.0,250.0,251.0,0.00398406374501992
1369,AP,201906,9.0,0.0,266.0,7.0,259.0,259.0,259.0,0.0
1380,AP,201907,6.0,0.0,272.0,7.0,265.0,265.0,265.0,0.0
156,AP,201908,4.0,0.0,276.0,7.0,269.0,269.0,269.0,0.0
356,AP,201909,4.0,0.0,280.0,7.0,273.0,273.0,273.0,0.0
1032,AP,201910,8.0,0.0,288.0,7.0,281.0,281.0,281.0,0.0
834,AP,201911,9.0,0.0,297.0,7.0,290.0,290.0,290.0,0.0
1400,AP,201912,8.0,0.0,305.0,7.0,298.0,298.0,298.0,0.0
1574,AP,202001,4.0,1.0,309.0,8.0,301.0,301.0,302.0,0.0033112582781456954
1553,AP,202002,2.0,0.0,311.0,8.0,303.0,303.0,303.0,0.0
417,AP,202003,8.0,0.0,319.0,8.0,311.0,311.0,311.0,0.0
270,AP,202004,8.0,1.0,327.0,9.0,318.0,318.0,319.0,0.003134796238244514
667,AP,202005,6.0,0.0,333.0,9.0,324.0,324.0,324.0,0.0
214,AP,202006,7.0,1.0,340.0,10.0,330.0,330.0,331.0,0.0030211480362537764
412,AP,202007,5.0,0.0,345.0,10.0,335.0,335.0,335.0,0.0
233,AP,202008,5.0,0.0,350.0,10.0,340.0,340.0,340.0,0.0
1543,AP,202009,3.0,2.0,353.0,12.0,341.0,341.0,343.0,0.0058309037900874635
1250,AP,202010,5.0,0.0,358.0,12.0,346.0,346.0,346.0,0.0
1094,AP,202011,6.0,2.0,364.0,14.0,350.0,350.0,352.0,0.005681818181818182
1063,AP,202012,5.0,0.0,369.0,14.0,355.0,355.0,355.0,0.0
729,AP,202101,8.0,1.0,377.0,15.0,362.0,362.0,363.0,0.0027548209366391185
1528,AP,202102,4.0,0.0,381.0,15.0,366.0,366.0,366.0,0.0
450,BA,201602,3.0,0.0,3.0,0.0,3.0,3.0,3.0,0.0
77,BA,201603,7.0,0.0,10.0,0.0,10.0,10.0,10.0,0.0
389,BA,201604,8.0,0.0,18.0,0.0,18.0,18.0,18.0,0.0
153,BA,201605,5.0,0.0,23.0,0.0,23.0,23.0,23.0,0.0
844,BA,201606,6.0,0.0,29.0,0.0,29.0,29.0,29.0,0.0
1260,BA,201607,4.0,0.0,33.0,0.0,33.0,33.0,33.0,0.0
347,BA,201608,5.0,0.0,38.0,0.0,38.0,38.0,38.0,0.0
1372,BA,201609,6.0,0.0,44.0,0.0,44.0,44.0,44.0,0.0
179,BA,201610,7.0,0.0,51.0,0.0,51.0,51.0,51.0,0.0
337,BA,201611,7.0,0.0,58.0,0.0,58.0,58.0,58.0,0.0
1330,BA,201612,4.0,0.0,62.0,0.0,62.0,62.0,62.0,0.0
132,BA,201701,7.0,1.0,69.0,1.0,68.0,68.0,69.0,0.014492753623188406
1270,BA,201702,3.0,0.0,72.0,1.0,71.0,71.0,71.0,0.0
1141,BA,201703,5.0,0.0,77.0,1.0,76.0,76.0,76.0,0.0
1275,BA,201704,5.0,0.0,82.0,1.0,81.0,81.0,81.0,0.0
567,BA,201705,5.0,0.0,87.0,1.0,86.0,86.0,86.0,0.0
1581,BA,201706,8.0,0.0,95.0,1.0,94.0,94.0,94.0,0.0
1155,BA,201707,2.0,0.0,97.0,1.0,96.0,96.0,96.0,0.0
252,BA,201708,6.0,0.0,103.0,1.0,102.0,102.0,102.0,0.0
242,BA,201709,4.0,0.0,107.0,1.0,106.0,106.0,106.0,0.0
777,BA,201710,9.0,0.0,116.0,1.0,115.0,115.0,115.0,0.0
776,BA,201711,7.0,0.0,123.0,1.0,122.0,122.0,122.0,0.0
1085,BA,201712,4.0,0.0,127.0,1.0,126.0,126.0,126.0,0.0
680,BA,201801,5.0,1.0,132.0,2.0,130.0,130.0,131.0,0.007633587786259542
388,BA,201802,3.0,0.0,135.0,2.0,133.0,133.0,133.0,0.0
209,BA,201803,5.0,0.0,140.0,2.0,138.0,138.0,138.0,0.0
763,BA,201804,7.0,1.0,147.0,3.0,144.0,144.0,145.0,0.006896551724137931
424,BA,201805,11.0,0.0,158.0,3.0,155.0,155.0,155.0,0.0
1363,BA,201806,6.0,0.0,164.0,3.0,161.0,161.0,161.0,0.0
1180,BA,201807,10.0,1.0,174.0,4.0,170.0,170.0,171.0,0.005847953216374269
216,BA,201808,8.0,1.0,182.0,5.0,177.0,177.0,178.0,0.0056179775280898875
660,BA,201809,4.0,1.0,186.0,6.0,180.0,180.0,181.0,0.0055248618784530384
447,BA,201810,3.0,1.0,189.0,7.0,182.0,182.0,183.0,0.00546448087431694
840,BA,201811,10.0,0.0,199.0,7.0,192.0,192.0,192.0,0.0
996,BA,201812,12.0,1.0,211.0,8.0,203.0,203.0,204.0,0.004901960784313725
461,BA,201901,11.0,0.0,222.0,8.0,214.0,214.0,214.0,0.0
413,BA,201902,3.0,0.0,225.0,8.0,217.0,217.0,217.0,0.0
1060,BA,201903,7.0,1.0,232.0,9.0,223.0,223.0,224.0,0.004464285714285714
783,BA,201904,7.0,0.0,239.0,9.0,230.0,230.0,230.0,0.0
1054,BA,201905,4.0,0.0,243.0,9.0,234.0,234.0,234.0,0.0
204,BA,201906,3.0,0.0,246.0,9.0,237.0,237.0,237.0,0.0
1471,BA,201907,6.0,0.0,252.0,9.0,243.0,243.0,243.0,0.0
369,BA,201908,5.0,0.0,257.0,9.0,248.0,248.0,248.0,0.0
1299,BA,201909,3.0,1.0,260.0,10.0,250.0,250.0,251.0,0.00398406374501992
1055,BA,201910,6.0,0.0,266.0,10.0,256.0,256.0,256.0,0.0
771,BA,201911,10.0,0.0,276.0,10.0,266.0,266.0,266.0,0.0
1202,BA,201912,2.0,0.0,278.0,10.0,268.0,268.0,268.0,0.0
67,BA,202001,12.0,0.0,290.0,10.0,280.0,280.0,280.0,0.0
265,BA,202002,9.0,0.0,299.0,10.0,289.0,289.0,289.0,0.0
1028,BA,202003,6.0,1.0,305.0,11.0,294.0,294.0,295.0,0.003389830508474576
203,BA,202004,9.0,0.0,314.0,11.0,303.0,303.0,303.0,0.0
1473,BA,202005,6.0,2.0,320.0,13.0,307.0,307.0,309.0,0.006472491909385114
1302,BA,202006,7.0,0.0,327.0,13.0,314.0,314.0,314.0,0.0
240,BA,202007,11.0,0.0,338.0,13.0,325.0,325.0,325.0,0.0
141,BA,202008,3.0,0.0,341.0,13.0,328.0,328.0,328.0,0.0
1614,BA,202009,1.0,1.0,342.0,14.0,328.0,328.0,329.0,0.00303951367781155
307,BA,202010,6.0,1.0,348.0,15.0,333.0,333.0,334.0,0.0029940119760479044
1210,BA,202012,11.0,1.0,359.0,16.0,343.0,343.0,344.0,0.0029069767441860465
1306,BA,202101,1.0,2.0,360.0,18.0,342.0,342.0,344.0,0.005813953488372093
1134,BA,202102,8.0,2.0,368.0,20.0,348.0,348.0,350.0,0.005714285714285714
1586,CE,201602,1.0,0.0,1.0,0.0,1.0,1.0,1.0,0.0
1096,CE,201603,5.0,0.0,6.0,0.0,6.0,6.0,6.0,0.0
743,CE,201604,8.0,0.0,14.0,0.0,14.0,14.0,14.0,0.0
1167,CE,201605,8.0,0.0,22.0,0.0,22.0,22.0,22.0,0.0
636,CE,201606,6.0,0.0,28.0,0.0,28.0,28.0,28.0,0.0
556,CE,201607,10.0,0.0,38.0,0.0,38.0,38.0,38.0,0.0
401,CE,201608,2.0,0.0,40.0,0.0,40.0,40.0,40.0,0.0
1401,CE,201609,4.0,0.0,44.0,0.0,44.0,44.0,44.0,0.0
967,CE,201610,9.0,0.0,53.0,0.0,53.0,53.0,53.0,0.0
1213,CE,201611,5.0,0.0,58.0,0.0,58.0,58.0,58.0,0.0
645,CE,201612,2.0,0.0,60.0,0.0,60.0,60.0,60.0,0.0
1402,CE,201701,5.0,0.0,65.0,0.0,65.0,65.0,65.0,0.0
1352,CE,201702,4.0,0.0,69.0,0.0,69.0,69.0,69.0,0.0
997,CE,201703,7.0,0.0,76.0,0.0,76.0,76.0,76.0,0.0
1009,CE,201704,5.0,1.0,81.0,1.0,80.0,80.0,81.0,0.012345679012345678
549,CE,201705,9.0,0.0,90.0,1.0,89.0,89.0,89.0,0.0
737,CE,201706,4.0,0.0,94.0,1.0,93.0,93.0,93.0,0.0
588,CE,201707,8.0,0.0,102.0,1.0,101.0,101.0,101.0,0.0
1179,CE,201708,6.0,1.0,108.0,2.0,106.0,106.0,107.0,0.009345794392523364
564,CE,201709,6.0,0.0,114.0,2.0,112.0,112.0,112.0,0.0
1252,CE,201710,7.0,1.0,121.0,3.0,118.0,118.0,119.0,0.008403361344537815
610,CE,201711,6.0,0.0,127.0,3.0,124.0,124.0,124.0,0.0
715,CE,201712,3.0,0.0,130.0,3.0,127.0,127.0,127.0,0.0
1156,CE,201801,6.0,0.0,136.0,3.0,133.0,133.0,133.0,0.0
1223,CE,201802,6.0,0.0,142.0,3.0,139.0,139.0,139.0,0.0
726,CE,201803,6.0,0.0,148.0,3.0,145.0,145.0,145.0,0.0
990,CE,201804,11.0,0.0,159.0,3.0,156.0,156.0,156.0,0.0
808,CE,201805,9.0,0.0,168.0,3.0,165.0,165.0,165.0,0.0
130,CE,201806,7.0,0.0,175.0,3.0,172.0,172.0,172.0,0.0
516,CE,201807,6.0,0.0,181.0,3.0,178.0,178.0,178.0,0.0
1043,CE,201808,5.0,0.0,186.0,3.0,183.0,183.0,183.0,0.0
818,CE,201809,5.0,0.0,191.0,3.0,188.0,188.0,188.0,0.0
477,CE,201810,10.0,0.0,201.0,3.0,198.0,198.0,198.0,0.0
85,CE,201811,4.0,0.0,205.0,3.0,202.0,202.0,202.0,0.0
1136,CE,201812,10.0,0.0,215.0,3.0,212.0,212.0,212.0,0.0
446,CE,201901,7.0,0.0,222.0,3.0,219.0,219.0,219.0,0.0
1399,CE,201902,7.0,1.0,229.0,4.0,225.0,225.0,226.0,0.004424778761061947
1106,CE,201903,4.0,0.0,233.0,4.0,229.0,229.0,229.0,0.0
327,CE,201904,6.0,0.0,239.0,4.0,235.0,235.0,235.0,0.0
1165,CE,201905,3.0,0.0,242.0,4.0,238.0,238.0,238.0,0.0
906,CE,201906,5.0,1.0,247.0,5.0,242.0,242.0,243.0,0.00411522633744856
362,CE,201907,4.0,0.0,251.0,5.0,246.0,246.0,246.0,0.0
1526,CE,201908,8.0,1.0,259.0,6.0,253.0,253.0,254.0,0.003937007874015748
1220,CE,201909,7.0,1.0,266.0,7.0,259.0,259.0,260.0,0.0038461538461538464
1262,CE,201910,10.0,1.0,276.0,8.0,268.0,268.0,269.0,0.0037174721189591076
243,CE,201911,4.0,0.0,280.0,8.0,272.0,272.0,272.0,0.0
416,CE,201912,11.0,1.0,291.0,9.0,282.0,282.0,283.0,0.0035335689045936395
438,CE,202001,7.0,2.0,298.0,11.0,287.0,287.0,289.0,0.006920415224913495
678,CE,202002,12.0,0.0,310.0,11.0,299.0,299.0,299.0,0.0
791,CE,202003,7.0,0.0,317.0,11.0,306.0,306.0,306.0,0.0
831,CE,202004,6.0,0.0,323.0,11.0,312.0,312.0,312.0,0.0
937,CE,202005,6.0,1.0,329.0,12.0,317.0,317.0,318.0,0.0031446540880503146
86,CE,202006,9.0,1.0,338.0,13.0,325.0,325.0,326.0,0.003067484662576687
38,CE,202007,11.0,2.0,349.0,15.0,334.0,334.0,336.0,0.005952380952380952
31,CE,202008,5.0,0.0,354.0,15.0,339.0,339.0,339.0,0.0
234,CE,202009,7.0,0.0,361.0,15.0,346.0,346.0,346.0,0.0
276,CE,202010,6.0,2.0,367.0,17.0,350.0,350.0,352.0,0.005681818181818182
784,CE,202012,3.0,0.0,370.0,17.0,353.0,353.0,353.0,0.0
75,CE,202101,3.0,2.0,373.0,19.0,354.0,354.0,356.0,0.0056179775280898875
1092,CE,202102,5.0,0.0,378.0,19.0,359.0,359.0,359.0,0.0
709,DF,201602,5.0,0.0,5.0,0.0,5.0,5.0,5.0,0.0
490,DF,201603,7.0,0.0,12.0,0.0,12.0,12.0,12.0,0.0
1564,DF,201604,5.0,0.0,17.0,0.0,17.0,17.0,17.0,0.0
986,DF,201605,6.0,0.0,23.0,0.0,23.0,23.0,23.0,0.0
1589,DF,201606,6.0,0.0,29.0,0.0,29.0,29.0,29.0,0.0
537,DF,201607,10.0,0.0,39.0,0.0,39.0,39.0,39.0,0.0
278,DF,201608,5.0,0.0,44.0,0.0,44.0,44.0,44.0,0.0
579,DF,201609,7.0,0.0,51.0,0.0,51.0,51.0,51.0,0.0
794,DF,201610,6.0,0.0,57.0,0.0,57.0,57.0,57.0,0.0
1561,DF,201611,3.0,0.0,60.0,0.0,60.0,60.0,60.0,0.0
1635,DF,201612,2.0,0.0,62.0,0.0,62.0,62.0,62.0,0.0
66,DF,201701,4.0,0.0,66.0,0.0,66.0,66.0,66.0,0.0
324,DF,201702,7.0,0.0,73.0,0.0,73.0,73.0,73.0,0.0
966,DF,201703,8.0,0.0,81.0,0.0,81.0,81.0,81.0,0.0
169,DF,201704,4.0,0.0,85.0,0.0,85.0,85.0,85.0,0.0
1172,DF,201705,9.0,0.0,94.0,0.0,94.0,94.0,94.0,0.0
779,DF,201706,4.0,0.0,98.0,0.0,98.0,98.0,98.0,0.0
88,DF,201707,8.0,0.0,106.0,0.0,106.0,106.0,106.0,0.0
350,DF,201708,6.0,0.0,112.0,0.0,112.0,112.0,112.0,0.0
1555,DF,201709,3.0,0.0,115.0,0.0,115.0,115.0,115.0,0.0
566,DF,201710,6.0,0.0,121.0,0.0,121.0,121.0,121.0,0.0
1046,DF,201711,7.0,0.0,128.0,0.0,128.0,128.0,128.0,0.0
1291,DF,201712,5.0,0.0,133.0,0.0,133.0,133.0,133.0,0.0
1154,DF,201801,8.0,0.0,141.0,0.0,141.0,141.0,141.0,0.0
951,DF,201802,10.0,0.0,151.0,0.0,151.0,151.0,151.0,0.0
1611,DF,201803,2.0,0.0,153.0,0.0,153.0,153.0,153.0,0.0
430,DF,201804,6.0,0.0,159.0,0.0,159.0,159.0,159.0,0.0
454,DF,201805,7.0,0.0,166.0,0.0,166.0,166.0,166.0,0.0
676,DF,201806,9.0,0.0,175.0,0.0,175.0,175.0,175.0,0.0
1185,DF,201807,8.0,0.0,183.0,0.0,183.0,183.0,183.0,0.0
354,DF,201808,5.0,0.0,188.0,0.0,188.0,188.0,188.0,0.0
505,DF,201809,8.0,1.0,196.0,1.0,195.0,195.0,196.0,0.00510204081632653
1076,DF,201810,6.0,0.0,202.0,1.0,201.0,201.0,201.0,0.0
1606,DF,201811,2.0,0.0,204.0,1.0,203.0,203.0,203.0,0.0
713,DF,201812,6.0,1.0,210.0,2.0,208.0,208.0,209.0,0.004784688995215311
845,DF,201901,6.0,0.0,216.0,2.0,214.0,214.0,214.0,0.0
849,DF,201902,6.0,1.0,222.0,3.0,219.0,219.0,220.0,0.004545454545454545
340,DF,201903,13.0,0.0,235.0,3.0,232.0,232.0,232.0,0.0
839,DF,201904,4.0,0.0,239.0,3.0,236.0,236.0,236.0,0.0
1410,DF,201905,3.0,0.0,242.0,3.0,239.0,239.0,239.0,0.0
547,DF,201906,9.0,0.0,251.0,3.0,248.0,248.0,248.0,0.0
1385,DF,201907,7.0,0.0,258.0,3.0,255.0,255.0,255.0,0.0
692,DF,201908,3.0,1.0,261.0,4.0,257.0,257.0,258.0,0.003875968992248062
520,DF,201909,8.0,0.0,269.0,4.0,265.0,265.0,265.0,0.0
686,DF,201910,7.0,0.0,276.0,4.0,272.0,272.0,272.0,0.0
1025,DF,201911,8.0,0.0,284.0,4.0,280.0,280.0,280.0,0.0
903,DF,201912,5.0,0.0,289.0,4.0,285.0,285.0,285.0,0.0
632,DF,202001,4.0,0.0,293.0,4.0,289.0,289.0,289.0,0.0
348,DF,202002,7.0,1.0,300.0,5.0,295.0,295.0,296.0,0.0033783783783783786
1394,DF,202003,5.0,0.0,305.0,5.0,300.0,300.0,300.0,0.0
1341,DF,202004,1.0,0.0,306.0,5.0,301.0,301.0,301.0,0.0
1239,DF,202005,9.0,1.0,315.0,6.0,309.0,309.0,310.0,0.0032258064516129032
1462,DF,202006,3.0,1.0,318.0,7.0,311.0,311.0,312.0,0.003205128205128205
176,DF,202007,7.0,0.0,325.0,7.0,318.0,318.0,318.0,0.0
1429,DF,202008,1.0,1.0,326.0,8.0,318.0,318.0,319.0,0.003134796238244514
548,DF,202009,6.0,1.0,332.0,9.0,323.0,323.0,324.0,0.0030864197530864196
330,DF,202010,9.0,0.0,341.0,9.0,332.0,332.0,332.0,0.0
1347,DF,202011,2.0,1.0,343.0,10.0,333.0,333.0,334.0,0.0029940119760479044
1041,DF,202012,6.0,1.0,349.0,11.0,338.0,338.0,339.0,0.0029498525073746312
881,DF,202101,4.0,1.0,353.0,12.0,341.0,341.0,342.0,0.0029239766081871343
1337,DF,202102,4.0,3.0,357.0,15.0,342.0,342.0,345.0,0.008695652173913044
708,ES,201603,5.0,0.0,5.0,0.0,5.0,5.0,5.0,0.0
232,ES,201604,4.0,0.0,9.0,0.0,9.0,9.0,9.0,0.0
339,ES,201605,9.0,0.0,18.0,0.0,18.0,18.0,18.0,0.0
1328,ES,201606,3.0,0.0,21.0,0.0,21.0,21.0,21.0,0.0
60,ES,201607,7.0,0.0,28.0,0.0,28.0,28.0,28.0,0.0
517,ES,201608,6.0,0.0,34.0,0.0,34.0,34.0,34.0,0.0
94,ES,201609,8.0,0.0,42.0,0.0,42.0,42.0,42.0,0.0
617,ES,201610,4.0,0.0,46.0,0.0,46.0,46.0,46.0,0.0
607,ES,201611,7.0,0.0,53.0,0.0,53.0,53.0,53.0,0.0
290,ES,201612,8.0,0.0,61.0,0.0,61.0,61.0,61.0,0.0
1344,ES,201701,4.0,0.0,65.0,0.0,65.0,65.0,65.0,0.0
781,ES,201702,7.0,0.0,72.0,0.0,72.0,72.0,72.0,0.0
189,ES,201703,3.0,0.0,75.0,0.0,75.0,75.0,75.0,0.0
444,ES,201704,6.0,0.0,81.0,0.0,81.0,81.0,81.0,0.0
604,ES,201705,6.0,0.0,87.0,0.0,87.0,87.0,87.0,0.0
907,ES,201706,2.0,0.0,89.0,0.0,89.0,89.0,89.0,0.0
662,ES,201707,6.0,0.0,95.0,0.0,95.0,95.0,95.0,0.0
65,ES,201708,5.0,0.0,100.0,0.0,100.0,100.0,100.0,0.0
1225,ES,201709,5.0,0.0,105.0,0.0,105.0,105.0,105.0,0.0
521,ES,201710,3.0,0.0,108.0,0.0,108.0,108.0,108.0,0.0
157,ES,201711,11.0,0.0,119.0,0.0,119.0,119.0,119.0,0.0
1596,ES,201712,3.0,0.0,122.0,0.0,122.0,122.0,122.0,0.0
823,ES,201801,4.0,0.0,126.0,0.0,126.0,126.0,126.0,0.0
1236,ES,201802,8.0,0.0,134.0,0.0,134.0,134.0,134.0,0.0
619,ES,201803,7.0,0.0,141.0,0.0,141.0,141.0,141.0,0.0
1189,ES,201804,5.0,0.0,146.0,0.0,146.0,146.0,146.0,0.0
172,ES,201805,9.0,0.0,155.0,0.0,155.0,155.0,155.0,0.0
600,ES,201806,5.0,1.0,160.0,1.0,159.0,159.0,160.0,0.00625
574,ES,201807,11.0,0.0,171.0,1.0,170.0,170.0,170.0,0.0
487,ES,201808,3.0,0.0,174.0,1.0,173.0,173.0,173.0,0.0
855,ES,201809,6.0,0.0,180.0,1.0,179.0,179.0,179.0,0.0
1130,ES,201810,3.0,1.0,183.0,2.0,181.0,181.0,182.0,0.005494505494505495
175,ES,201811,6.0,0.0,189.0,2.0,187.0,187.0,187.0,0.0
165,ES,201812,7.0,0.0,196.0,2.0,194.0,194.0,194.0,0.0
1516,ES,201901,2.0,1.0,198.0,3.0,195.0,195.0,196.0,0.00510204081632653
1367,ES,201902,4.0,0.0,202.0,3.0,199.0,199.0,199.0,0.0
615,ES,201903,11.0,0.0,213.0,3.0,210.0,210.0,210.0,0.0
257,ES,201904,8.0,1.0,221.0,4.0,217.0,217.0,218.0,0.0045871559633027525
860,ES,201905,10.0,0.0,231.0,4.0,227.0,227.0,227.0,0.0
817,ES,201906,12.0,0.0,243.0,4.0,239.0,239.0,239.0,0.0
1488,ES,201907,9.0,0.0,252.0,4.0,248.0,248.0,248.0,0.0
1329,ES,201908,3.0,0.0,255.0,4.0,251.0,251.0,251.0,0.0
303,ES,201909,6.0,1.0,261.0,5.0,256.0,256.0,257.0,0.0038910505836575876
892,ES,201910,6.0,0.0,267.0,5.0,262.0,262.0,262.0,0.0
1388,ES,201911,3.0,0.0,270.0,5.0,265.0,265.0,265.0,0.0
149,ES,201912,6.0,0.0,276.0,5.0,271.0,271.0,271.0,0.0
819,ES,202001,8.0,0.0,284.0,5.0,279.0,279.0,279.0,0.0
1598,ES,202002,2.0,1.0,286.0,6.0,280.0,280.0,281.0,0.0035587188612099642
571,ES,202003,4.0,1.0,290.0,7.0,283.0,283.0,284.0,0.0035211267605633804
101,ES,202004,10.0,1.0,300.0,8.0,292.0,292.0,293.0,0.0034129692832764505
814,ES,202005,9.0,0.0,309.0,8.0,301.0,301.0,301.0,0.0
1304,ES,202006,7.0,0.0,316.0,8.0,308.0,308.0,308.0,0.0
1125,ES,202007,6.0,2.0,322.0,10.0,312.0,312.0,314.0,0.006369426751592357
582,ES,202008,3.0,1.0,325.0,11.0,314.0,314.0,315.0,0.0031746031746031746
597,ES,202009,5.0,0.0,330.0,11.0,319.0,319.0,319.0,0.0
314,ES,202010,6.0,0.0,336.0,11.0,325.0,325.0,325.0,0.0
120,ES,202011,4.0,0.0,340.0,11.0,329.0,329.0,329.0,0.0
322,ES,202012,1.0,0.0,341.0,11.0,330.0,330.0,330.0,0.0
1124,ES,202101,9.0,1.0,350.0,12.0,338.0,338.0,339.0,0.0029498525073746312
1354,ES,202102,2.0,0.0,352.0,12.0,340.0,340.0,340.0,0.0
770,GO,201602,2.0,0.0,2.0,0.0,2.0,2.0,2.0,0.0
100,GO,201603,7.0,0.0,9.0,0.0,9.0,9.0,9.0,0.0
584,GO,201604,8.0,0.0,17.0,0.0,17.0,17.0,17.0,0.0
1432,GO,201605,7.0,0.0,24.0,0.0,24.0,24.0,24.0,0.0
933,GO,201606,11.0,0.0,35.0,0.0,35.0,35.0,35.0,0.0
256,GO,201607,7.0,0.0,42.0,0.0,42.0,42.0,42.0,0.0
1242,GO,201608,4.0,0.0,46.0,0.0,46.0,46.0,46.0,0.0
1583,GO,201609,2.0,0.0,48.0,0.0,48.0,48.0,48.0,0.0
115,GO,201610,9.0,0.0,57.0,0.0,57.0,57.0,57.0,0.0
408,GO,201611,6.0,0.0,63.0,0.0,63.0,63.0,63.0,0.0
441,GO,201612,9.0,0.0,72.0,0.0,72.0,72.0,72.0,0.0
449,GO,201701,11.0,0.0,83.0,0.0,83.0,83.0,83.0,0.0
1430,GO,201702,5.0,0.0,88.0,0.0,88.0,88.0,88.0,0.0
1451,GO,201703,5.0,0.0,93.0,0.0,93.0,93.0,93.0,0.0
542,GO,201704,13.0,0.0,106.0,0.0,106.0,106.0,106.0,0.0
288,GO,201705,7.0,0.0,113.0,0.0,113.0,113.0,113.0,0.0
1177,GO,201706,6.0,0.0,119.0,0.0,119.0,119.0,119.0,0.0
1634,GO,201707,2.0,0.0,121.0,0.0,121.0,121.0,121.0,0.0
1190,GO,201708,11.0,0.0,132.0,0.0,132.0,132.0,132.0,0.0
1045,GO,201709,5.0,0.0,137.0,0.0,137.0,137.0,137.0,0.0
128,GO,201710,3.0,0.0,140.0,0.0,140.0,140.0,140.0,0.0
1552,GO,201711,5.0,0.0,145.0,0.0,145.0,145.0,145.0,0.0
555,GO,201712,8.0,1.0,153.0,1.0,152.0,152.0,153.0,0.006535947712418301
1038,GO,201801,8.0,1.0,161.0,2.0,159.0,159.0,160.0,0.00625
90,GO,201802,11.0,0.0,172.0,2.0,170.0,170.0,170.0,0.0
904,GO,201803,7.0,0.0,179.0,2.0,177.0,177.0,177.0,0.0
1257,GO,201804,4.0,1.0,183.0,3.0,180.0,180.0,181.0,0.0055248618784530384
285,GO,201805,4.0,0.0,187.0,3.0,184.0,184.0,184.0,0.0
994,GO,201806,11.0,1.0,198.0,4.0,194.0,194.0,195.0,0.005128205128205128
375,GO,201807,5.0,0.0,203.0,4.0,199.0,199.0,199.0,0.0
1139,GO,201808,3.0,0.0,206.0,4.0,202.0,202.0,202.0,0.0
426,GO,201809,8.0,2.0,214.0,6.0,208.0,208.0,210.0,0.009523809523809525
400,GO,201810,10.0,1.0,224.0,7.0,217.0,217.0,218.0,0.0045871559633027525
237,GO,201811,6.0,0.0,230.0,7.0,223.0,223.0,223.0,0.0
238,GO,201812,6.0,0.0,236.0,7.0,229.0,229.0,229.0,0.0
1044,GO,201901,4.0,0.0,240.0,7.0,233.0,233.0,233.0,0.0
485,GO,201902,5.0,0.0,245.0,7.0,238.0,238.0,238.0,0.0
262,GO,201903,4.0,1.0,249.0,8.0,241.0,241.0,242.0,0.004132231404958678
468,GO,201904,2.0,1.0,251.0,9.0,242.0,242.0,243.0,0.00411522633744856
152,GO,201905,7.0,1.0,258.0,10.0,248.0,248.0,249.0,0.004016064257028112
1011,GO,201906,6.0,0.0,264.0,10.0,254.0,254.0,254.0,0.0
1050,GO,201907,6.0,2.0,270.0,12.0,258.0,258.0,260.0,0.007692307692307693
510,GO,201908,9.0,0.0,279.0,12.0,267.0,267.0,267.0,0.0
143,GO,201909,11.0,0.0,290.0,12.0,278.0,278.0,278.0,0.0
220,GO,201910,12.0,0.0,302.0,12.0,290.0,290.0,290.0,0.0
473,GO,201911,5.0,0.0,307.0,12.0,295.0,295.0,295.0,0.0
1088,GO,201912,7.0,0.0,314.0,12.0,302.0,302.0,302.0,0.0
651,GO,202001,7.0,0.0,321.0,12.0,309.0,309.0,309.0,0.0
1182,GO,202002,7.0,1.0,328.0,13.0,315.0,315.0,316.0,0.0031645569620253164
592,GO,202003,7.0,0.0,335.0,13.0,322.0,322.0,322.0,0.0
1274,GO,202004,4.0,1.0,339.0,14.0,325.0,325.0,326.0,0.003067484662576687
529,GO,202005,8.0,0.0,347.0,14.0,333.0,333.0,333.0,0.0
236,GO,202006,12.0,0.0,359.0,14.0,345.0,345.0,345.0,0.0
287,GO,202007,7.0,1.0,366.0,15.0,351.0,351.0,352.0,0.002840909090909091
1181,GO,202008,7.0,0.0,373.0,15.0,358.0,358.0,358.0,0.0
409,GO,202009,4.0,1.0,377.0,16.0,361.0,361.0,362.0,0.0027624309392265192
701,GO,202010,4.0,0.0,381.0,16.0,365.0,365.0,365.0,0.0
889,GO,202011,10.0,1.0,391.0,17.0,374.0,374.0,375.0,0.0026666666666666666
1111,GO,202012,5.0,2.0,396.0,19.0,377.0,377.0,379.0,0.005277044854881266
985,GO,202101,5.0,1.0,401.0,20.0,381.0,381.0,382.0,0.002617801047120419
295,GO,202102,2.0,1.0,403.0,21.0,382.0,382.0,383.0,0.0026109660574412533
1590,MA,201602,2.0,0.0,2.0,0.0,2.0,2.0,2.0,0.0
1631,MA,201603,2.0,0.0,4.0,0.0,4.0,4.0,4.0,0.0
1487,MA,201604,5.0,0.0,9.0,0.0,9.0,9.0,9.0,0.0
1476,MA,201605,6.0,0.0,15.0,0.0,15.0,15.0,15.0,0.0
410,MA,201606,7.0,0.0,22.0,0.0,22.0,22.0,22.0,0.0
1628,MA,201607,2.0,0.0,24.0,0.0,24.0,24.0,24.0,0.0
277,MA,201608,11.0,0.0,35.0,0.0,35.0,35.0,35.0,0.0
621,MA,201609,5.0,0.0,40.0,0.0,40.0,40.0,40.0,0.0
345,MA,201610,7.0,0.0,47.0,0.0,47.0,47.0,47.0,0.0
1093,MA,201611,8.0,0.0,55.0,0.0,55.0,55.0,55.0,0.0
1039,MA,201612,3.0,0.0,58.0,0.0,58.0,58.0,58.0,0.0
978,MA,201701,9.0,0.0,67.0,0.0,67.0,67.0,67.0,0.0
495,MA,201702,6.0,0.0,73.0,0.0,73.0,73.0,73.0,0.0
1071,MA,201703,3.0,0.0,76.0,0.0,76.0,76.0,76.0,0.0
887,MA,201704,7.0,0.0,83.0,0.0,83.0,83.0,83.0,0.0
704,MA,201705,10.0,0.0,93.0,0.0,93.0,93.0,93.0,0.0
380,MA,201706,5.0,0.0,98.0,0.0,98.0,98.0,98.0,0.0
530,MA,201707,9.0,0.0,107.0,0.0,107.0,107.0,107.0,0.0
1029,MA,201708,9.0,0.0,116.0,0.0,116.0,116.0,116.0,0.0
358,MA,201709,2.0,0.0,118.0,0.0,118.0,118.0,118.0,0.0
483,MA,201710,5.0,0.0,123.0,0.0,123.0,123.0,123.0,0.0
665,MA,201711,6.0,0.0,129.0,0.0,129.0,129.0,129.0,0.0
740,MA,201712,6.0,0.0,135.0,0.0,135.0,135.0,135.0,0.0
361,MA,201801,8.0,0.0,143.0,0.0,143.0,143.0,143.0,0.0
1217,MA,201802,5.0,0.0,148.0,0.0,148.0,148.0,148.0,0.0
768,MA,201803,10.0,0.0,158.0,0.0,158.0,158.0,158.0,0.0
627,MA,201804,5.0,0.0,163.0,0.0,163.0,163.0,163.0,0.0
158,MA,201805,9.0,0.0,172.0,0.0,172.0,172.0,172.0,0.0
145,MA,201806,6.0,2.0,178.0,2.0,176.0,176.0,178.0,0.011235955056179775
142,MA,201807,6.0,1.0,184.0,3.0,181.0,181.0,182.0,0.005494505494505495
1538,MA,201808,2.0,0.0,186.0,3.0,183.0,183.0,183.0,0.0
1219,MA,201809,6.0,0.0,192.0,3.0,189.0,189.0,189.0,0.0
512,MA,201810,6.0,0.0,198.0,3.0,195.0,195.0,195.0,0.0
496,MA,201811,5.0,0.0,203.0,3.0,200.0,200.0,200.0,0.0
291,MA,201812,5.0,1.0,208.0,4.0,204.0,204.0,205.0,0.004878048780487805
19,MA,201901,5.0,0.0,213.0,4.0,209.0,209.0,209.0,0.0
418,MA,201902,9.0,0.0,222.0,4.0,218.0,218.0,218.0,0.0
133,MA,201903,6.0,0.0,228.0,4.0,224.0,224.0,224.0,0.0
44,MA,201904,6.0,0.0,234.0,4.0,230.0,230.0,230.0,0.0
79,MA,201905,6.0,1.0,240.0,5.0,235.0,235.0,236.0,0.00423728813559322
936,MA,201906,8.0,0.0,248.0,5.0,243.0,243.0,243.0,0.0
1556,MA,201907,5.0,0.0,253.0,5.0,248.0,248.0,248.0,0.0
161,MA,201908,10.0,0.0,263.0,5.0,258.0,258.0,258.0,0.0
119,MA,201909,6.0,0.0,269.0,5.0,264.0,264.0,264.0,0.0
1331,MA,201910,3.0,0.0,272.0,5.0,267.0,267.0,267.0,0.0
1020,MA,201911,1.0,1.0,273.0,6.0,267.0,267.0,268.0,0.0037313432835820895
52,MA,201912,8.0,0.0,281.0,6.0,275.0,275.0,275.0,0.0
1457,MA,202001,3.0,1.0,284.0,7.0,277.0,277.0,278.0,0.0035971223021582736
1636,MA,202002,2.0,0.0,286.0,7.0,279.0,279.0,279.0,0.0
1296,MA,202003,4.0,0.0,290.0,7.0,283.0,283.0,283.0,0.0
443,MA,202004,6.0,3.0,296.0,10.0,286.0,286.0,289.0,0.010380622837370242
1338,MA,202005,6.0,2.0,302.0,12.0,290.0,290.0,292.0,0.00684931506849315
1272,MA,202006,4.0,0.0,306.0,12.0,294.0,294.0,294.0,0.0
1506,MA,202007,5.0,0.0,311.0,12.0,299.0,299.0,299.0,0.0
207,MA,202008,8.0,0.0,319.0,12.0,307.0,307.0,307.0,0.0
321,MA,202009,10.0,0.0,329.0,12.0,317.0,317.0,317.0,0.0
862,MA,202010,7.0,2.0,336.0,14.0,322.0,322.0,324.0,0.006172839506172839
1364,MA,202011,6.0,4.0,342.0,18.0,324.0,324.0,328.0,0.012195121951219513
334,MA,202012,8.0,2.0,350.0,20.0,330.0,330.0,332.0,0.006024096385542169
407,MA,202101,3.0,2.0,353.0,22.0,331.0,331.0,333.0,0.006006006006006006
1383,MA,202102,1.0,1.0,354.0,23.0,331.0,331.0,332.0,0.0030120481927710845
598,MG,201602,2.0,0.0,2.0,0.0,2.0,2.0,2.0,0.0
474,MG,201603,10.0,0.0,12.0,0.0,12.0,12.0,12.0,0.0
452,MG,201604,5.0,0.0,17.0,0.0,17.0,17.0,17.0,0.0
1539,MG,201605,2.0,0.0,19.0,0.0,19.0,19.0,19.0,0.0
850,MG,201606,8.0,0.0,27.0,0.0,27.0,27.0,27.0,0.0
1013,MG,201607,10.0,0.0,37.0,0.0,37.0,37.0,37.0,0.0
385,MG,201608,11.0,0.0,48.0,0.0,48.0,48.0,48.0,0.0
399,MG,201609,5.0,0.0,53.0,0.0,53.0,53.0,53.0,0.0
1098,MG,201610,4.0,0.0,57.0,0.0,57.0,57.0,57.0,0.0
121,MG,201611,10.0,0.0,67.0,0.0,67.0,67.0,67.0,0.0
1233,MG,201612,6.0,0.0,73.0,0.0,73.0,73.0,73.0,0.0
390,MG,201701,9.0,0.0,82.0,0.0,82.0,82.0,82.0,0.0
852,MG,201702,3.0,0.0,85.0,0.0,85.0,85.0,85.0,0.0
1161,MG,201703,3.0,1.0,88.0,1.0,87.0,87.0,88.0,0.011363636363636364
351,MG,201704,7.0,0.0,95.0,1.0,94.0,94.0,94.0,0.0
1067,MG,201705,2.0,0.0,97.0,1.0,96.0,96.0,96.0,0.0
1357,MG,201706,8.0,0.0,105.0,1.0,104.0,104.0,104.0,0.0
1513,MG,201707,5.0,0.0,110.0,1.0,109.0,109.0,109.0,0.0
961,MG,201708,5.0,0.0,115.0,1.0,114.0,114.0,114.0,0.0
1057,MG,201709,5.0,0.0,120.0,1.0,119.0,119.0,119.0,0.0
1333,MG,201710,6.0,0.0,126.0,1.0,125.0,125.0,125.0,0.0
1477,MG,201711,6.0,1.0,132.0,2.0,130.0,130.0,131.0,0.007633587786259542
1508,MG,201712,4.0,0.0,136.0,2.0,134.0,134.0,134.0,0.0
18,MG,201801,8.0,0.0,144.0,2.0,142.0,142.0,142.0,0.0
946,MG,201802,9.0,0.0,153.0,2.0,151.0,151.0,151.0,0.0
1122,MG,201803,7.0,0.0,160.0,2.0,158.0,158.0,158.0,0.0
261,MG,201804,5.0,0.0,165.0,2.0,163.0,163.0,163.0,0.0
1459,MG,201805,2.0,0.0,167.0,2.0,165.0,165.0,165.0,0.0
1588,MG,201806,5.0,0.0,172.0,2.0,170.0,170.0,170.0,0.0
1276,MG,201807,6.0,0.0,178.0,2.0,176.0,176.0,176.0,0.0
657,MG,201808,8.0,0.0,186.0,2.0,184.0,184.0,184.0,0.0
439,MG,201809,8.0,0.0,194.0,2.0,192.0,192.0,192.0,0.0
882,MG,201810,7.0,1.0,201.0,3.0,198.0,198.0,199.0,0.005025125628140704
96,MG,201811,7.0,0.0,208.0,3.0,205.0,205.0,205.0,0.0
1249,MG,201812,7.0,0.0,215.0,3.0,212.0,212.0,212.0,0.0
248,MG,201901,6.0,0.0,221.0,3.0,218.0,218.0,218.0,0.0
1418,MG,201902,8.0,0.0,229.0,3.0,226.0,226.0,226.0,0.0
335,MG,201903,10.0,1.0,239.0,4.0,235.0,235.0,236.0,0.00423728813559322
402,MG,201904,4.0,2.0,243.0,6.0,237.0,237.0,239.0,0.008368200836820083
273,MG,201905,6.0,2.0,249.0,8.0,241.0,241.0,243.0,0.00823045267489712
1112,MG,201906,7.0,0.0,256.0,8.0,248.0,248.0,248.0,0.0
1234,MG,201907,7.0,1.0,263.0,9.0,254.0,254.0,255.0,0.00392156862745098
178,MG,201908,4.0,0.0,267.0,9.0,258.0,258.0,258.0,0.0
1504,MG,201909,7.0,0.0,274.0,9.0,265.0,265.0,265.0,0.0
311,MG,201910,5.0,0.0,279.0,9.0,270.0,270.0,270.0,0.0
1232,MG,201911,8.0,0.0,287.0,9.0,278.0,278.0,278.0,0.0
968,MG,201912,5.0,0.0,292.0,9.0,283.0,283.0,283.0,0.0
602,MG,202001,9.0,0.0,301.0,9.0,292.0,292.0,292.0,0.0
745,MG,202002,6.0,0.0,307.0,9.0,298.0,298.0,298.0,0.0
16,MG,202003,6.0,0.0,313.0,9.0,304.0,304.0,304.0,0.0
298,MG,202004,7.0,0.0,320.0,9.0,311.0,311.0,311.0,0.0
453,MG,202005,8.0,1.0,328.0,10.0,318.0,318.0,319.0,0.003134796238244514
532,MG,202006,7.0,4.0,335.0,14.0,321.0,321.0,325.0,0.012307692307692308
1427,MG,202007,6.0,3.0,341.0,17.0,324.0,324.0,327.0,0.009174311926605505
1305,MG,202008,5.0,0.0,346.0,17.0,329.0,329.0,329.0,0.0
616,MG,202009,7.0,0.0,353.0,17.0,336.0,336.0,336.0,0.0
222,MG,202010,5.0,0.0,358.0,17.0,341.0,341.0,341.0,0.0
1409,MG,202011,4.0,1.0,362.0,18.0,344.0,344.0,345.0,0.002898550724637681
515,MG,202012,5.0,0.0,367.0,18.0,349.0,349.0,349.0,0.0
1465,MG,202101,2.0,1.0,369.0,19.0,350.0,350.0,351.0,0.002849002849002849
435,MG,202102,4.0,0.0,373.0,19.0,354.0,354.0,354.0,0.0
1580,MS,201602,1.0,0.0,1.0,0.0,1.0,1.0,1.0,0.0
301,MS,201603,5.0,0.0,6.0,0.0,6.0,6.0,6.0,0.0
1163,MS,201604,3.0,0.0,9.0,0.0,9.0,9.0,9.0,0.0
1582,MS,201605,8.0,0.0,17.0,0.0,17.0,17.0,17.0,0.0
296,MS,201606,9.0,0.0,26.0,0.0,26.0,26.0,26.0,0.0
41,MS,201607,11.0,0.0,37.0,0.0,37.0,37.0,37.0,0.0
693,MS,201608,2.0,1.0,39.0,1.0,38.0,38.0,39.0,0.02564102564102564
623,MS,201609,7.0,1.0,46.0,2.0,44.0,44.0,45.0,0.022222222222222223
663,MS,201610,4.0,0.0,50.0,2.0,48.0,48.0,48.0,0.0
716,MS,201611,7.0,0.0,57.0,2.0,55.0,55.0,55.0,0.0
1146,MS,201612,8.0,0.0,65.0,2.0,63.0,63.0,63.0,0.0
1442,MS,201701,9.0,0.0,74.0,2.0,72.0,72.0,72.0,0.0
72,MS,201702,5.0,0.0,79.0,2.0,77.0,77.0,77.0,0.0
103,MS,201703,3.0,0.0,82.0,2.0,80.0,80.0,80.0,0.0
126,MS,201704,5.0,0.0,87.0,2.0,85.0,85.0,85.0,0.0
679,MS,201705,3.0,0.0,90.0,2.0,88.0,88.0,88.0,0.0
464,MS,201706,8.0,0.0,98.0,2.0,96.0,96.0,96.0,0.0
1247,MS,201707,9.0,0.0,107.0,2.0,105.0,105.0,105.0,0.0
1532,MS,201708,5.0,0.0,112.0,2.0,110.0,110.0,110.0,0.0
379,MS,201709,4.0,0.0,116.0,2.0,114.0,114.0,114.0,0.0
1075,MS,201710,7.0,0.0,123.0,2.0,121.0,121.0,121.0,0.0
51,MS,201711,12.0,0.0,135.0,2.0,133.0,133.0,133.0,0.0
415,MS,201712,6.0,0.0,141.0,2.0,139.0,139.0,139.0,0.0
82,MS,201801,5.0,0.0,146.0,2.0,144.0,144.0,144.0,0.0
932,MS,201802,5.0,0.0,151.0,2.0,149.0,149.0,149.0,0.0
80,MS,201803,4.0,0.0,155.0,2.0,153.0,153.0,153.0,0.0
329,MS,201804,2.0,0.0,157.0,2.0,155.0,155.0,155.0,0.0
909,MS,201805,6.0,0.0,163.0,2.0,161.0,161.0,161.0,0.0
778,MS,201806,4.0,0.0,167.0,2.0,165.0,165.0,165.0,0.0
764,MS,201807,9.0,0.0,176.0,2.0,174.0,174.0,174.0,0.0
1204,MS,201808,7.0,0.0,183.0,2.0,181.0,181.0,181.0,0.0
1322,MS,201809,6.0,0.0,189.0,2.0,187.0,187.0,187.0,0.0
1267,MS,201810,7.0,2.0,196.0,4.0,192.0,192.0,194.0,0.010309278350515464
428,MS,201811,7.0,0.0,203.0,4.0,199.0,199.0,199.0,0.0
1377,MS,201812,4.0,1.0,207.0,5.0,202.0,202.0,203.0,0.0049261083743842365
498,MS,201901,5.0,2.0,212.0,7.0,205.0,205.0,207.0,0.00966183574879227
1353,MS,201902,6.0,0.0,218.0,7.0,211.0,211.0,211.0,0.0
935,MS,201903,9.0,0.0,227.0,7.0,220.0,220.0,220.0,0.0
1209,MS,201904,3.0,0.0,230.0,7.0,223.0,223.0,223.0,0.0
166,MS,201905,8.0,0.0,238.0,7.0,231.0,231.0,231.0,0.0
200,MS,201906,7.0,1.0,245.0,8.0,237.0,237.0,238.0,0.004201680672268907
577,MS,201907,8.0,0.0,253.0,8.0,245.0,245.0,245.0,0.0
199,MS,201908,7.0,0.0,260.0,8.0,252.0,252.0,252.0,0.0
1534,MS,201909,6.0,0.0,266.0,8.0,258.0,258.0,258.0,0.0
1036,MS,201910,5.0,0.0,271.0,8.0,263.0,263.0,263.0,0.0
97,MS,201911,4.0,1.0,275.0,9.0,266.0,266.0,267.0,0.003745318352059925
47,MS,201912,6.0,0.0,281.0,9.0,272.0,272.0,272.0,0.0
524,MS,202001,7.0,0.0,288.0,9.0,279.0,279.0,279.0,0.0
833,MS,202002,7.0,2.0,295.0,11.0,284.0,284.0,286.0,0.006993006993006993
445,MS,202003,5.0,0.0,300.0,11.0,289.0,289.0,289.0,0.0
691,MS,202004,9.0,1.0,309.0,12.0,297.0,297.0,298.0,0.003355704697986577
1301,MS,202005,4.0,1.0,313.0,13.0,300.0,300.0,301.0,0.0033222591362126247
1507,MS,202006,7.0,1.0,320.0,14.0,306.0,306.0,307.0,0.003257328990228013
181,MS,202007,8.0,0.0,328.0,14.0,314.0,314.0,314.0,0.0
1105,MS,202008,5.0,0.0,333.0,14.0,319.0,319.0,319.0,0.0
33,MS,202009,10.0,1.0,343.0,15.0,328.0,328.0,329.0,0.00303951367781155
59,MS,202010,6.0,0.0,349.0,15.0,334.0,334.0,334.0,0.0
1321,MS,202011,7.0,0.0,356.0,15.0,341.0,341.0,341.0,0.0
1052,MS,202012,7.0,1.0,363.0,16.0,347.0,347.0,348.0,0.0028735632183908046
54,MS,202101,6.0,3.0,369.0,19.0,350.0,350.0,353.0,0.0084985835694051
1475,MS,202102,5.0,1.0,374.0,20.0,354.0,354.0,355.0,0.0028169014084507044
901,MT,201602,3.0,0.0,3.0,0.0,3.0,3.0,3.0,0.0
1135,MT,201603,6.0,0.0,9.0,0.0,9.0,9.0,9.0,0.0
650,MT,201604,9.0,0.0,18.0,0.0,18.0,18.0,18.0,0.0
992,MT,201605,7.0,0.0,25.0,0.0,25.0,25.0,25.0,0.0
871,MT,201606,7.0,0.0,32.0,0.0,32.0,32.0,32.0,0.0
1403,MT,201607,10.0,0.0,42.0,0.0,42.0,42.0,42.0,0.0
117,MT,201608,4.0,0.0,46.0,0.0,46.0,46.0,46.0,0.0
1621,MT,201609,3.0,0.0,49.0,0.0,49.0,49.0,49.0,0.0
1281,MT,201610,8.0,1.0,57.0,1.0,56.0,56.0,57.0,0.017543859649122806
29,MT,201611,4.0,0.0,61.0,1.0,60.0,60.0,60.0,0.0
631,MT,201612,5.0,0.0,66.0,1.0,65.0,65.0,65.0,0.0
1170,MT,201701,9.0,0.0,75.0,1.0,74.0,74.0,74.0,0.0
147,MT,201702,7.0,0.0,82.0,1.0,81.0,81.0,81.0,0.0
872,MT,201703,4.0,0.0,86.0,1.0,85.0,85.0,85.0,0.0
1303,MT,201704,8.0,0.0,94.0,1.0,93.0,93.0,93.0,0.0
6,MT,201705,5.0,0.0,99.0,1.0,98.0,98.0,98.0,0.0
1524,MT,201706,3.0,0.0,102.0,1.0,101.0,101.0,101.0,0.0
1595,MT,201707,4.0,0.0,106.0,1.0,105.0,105.0,105.0,0.0
1542,MT,201708,2.0,1.0,108.0,2.0,106.0,106.0,107.0,0.009345794392523364
1100,MT,201709,5.0,0.0,113.0,2.0,111.0,111.0,111.0,0.0
633,MT,201710,6.0,0.0,119.0,2.0,117.0,117.0,117.0,0.0
1077,MT,201711,9.0,0.0,128.0,2.0,126.0,126.0,126.0,0.0
320,MT,201712,14.0,0.0,142.0,2.0,140.0,140.0,140.0,0.0
801,MT,201801,1.0,0.0,143.0,2.0,141.0,141.0,141.0,0.0
377,MT,201802,3.0,0.0,146.0,2.0,144.0,144.0,144.0,0.0
1412,MT,201803,2.0,0.0,148.0,2.0,146.0,146.0,146.0,0.0
456,MT,201804,3.0,0.0,151.0,2.0,149.0,149.0,149.0,0.0
258,MT,201805,8.0,0.0,159.0,2.0,157.0,157.0,157.0,0.0
459,MT,201806,5.0,0.0,164.0,2.0,162.0,162.0,162.0,0.0
64,MT,201807,5.0,0.0,169.0,2.0,167.0,167.0,167.0,0.0
1332,MT,201808,8.0,0.0,177.0,2.0,175.0,175.0,175.0,0.0
274,MT,201809,11.0,1.0,188.0,3.0,185.0,185.0,186.0,0.005376344086021506
208,MT,201810,8.0,0.0,196.0,3.0,193.0,193.0,193.0,0.0
1439,MT,201811,8.0,0.0,204.0,3.0,201.0,201.0,201.0,0.0
1133,MT,201812,2.0,0.0,206.0,3.0,203.0,203.0,203.0,0.0
728,MT,201901,12.0,0.0,218.0,3.0,215.0,215.0,215.0,0.0
1350,MT,201902,8.0,0.0,226.0,3.0,223.0,223.0,223.0,0.0
1186,MT,201903,4.0,0.0,230.0,3.0,227.0,227.0,227.0,0.0
1147,MT,201904,7.0,0.0,237.0,3.0,234.0,234.0,234.0,0.0
1346,MT,201905,9.0,0.0,246.0,3.0,243.0,243.0,243.0,0.0
1441,MT,201906,5.0,0.0,251.0,3.0,248.0,248.0,248.0,0.0
1007,MT,201907,7.0,2.0,258.0,5.0,253.0,253.0,255.0,0.00784313725490196
1597,MT,201908,4.0,0.0,262.0,5.0,257.0,257.0,257.0,0.0
1557,MT,201909,5.0,0.0,267.0,5.0,262.0,262.0,262.0,0.0
9,MT,201910,7.0,1.0,274.0,6.0,268.0,268.0,269.0,0.0037174721189591076
268,MT,201911,7.0,0.0,281.0,6.0,275.0,275.0,275.0,0.0
1015,MT,201912,2.0,0.0,283.0,6.0,277.0,277.0,277.0,0.0
1525,MT,202001,4.0,2.0,287.0,8.0,279.0,279.0,281.0,0.0071174377224199285
279,MT,202002,5.0,1.0,292.0,9.0,283.0,283.0,284.0,0.0035211267605633804
467,MT,202003,5.0,0.0,297.0,9.0,288.0,288.0,288.0,0.0
926,MT,202004,5.0,0.0,302.0,9.0,293.0,293.0,293.0,0.0
714,MT,202005,8.0,1.0,310.0,10.0,300.0,300.0,301.0,0.0033222591362126247
247,MT,202006,8.0,1.0,318.0,11.0,307.0,307.0,308.0,0.003246753246753247
672,MT,202007,11.0,1.0,329.0,12.0,317.0,317.0,318.0,0.0031446540880503146
698,MT,202008,8.0,1.0,337.0,13.0,324.0,324.0,325.0,0.003076923076923077
1446,MT,202009,4.0,1.0,341.0,14.0,327.0,327.0,328.0,0.003048780487804878
677,MT,202010,9.0,2.0,350.0,16.0,334.0,334.0,336.0,0.005952380952380952
191,MT,202011,10.0,2.0,360.0,18.0,342.0,342.0,344.0,0.005813953488372093
502,MT,202012,5.0,4.0,365.0,22.0,343.0,343.0,347.0,0.011527377521613832
1285,MT,202101,2.0,1.0,367.0,23.0,344.0,344.0,345.0,0.002898550724637681
1633,MT,202102,1.0,1.0,368.0,24.0,344.0,344.0,345.0,0.002898550724637681
1097,PA,201602,4.0,0.0,4.0,0.0,4.0,4.0,4.0,0.0
346,PA,201603,11.0,0.0,15.0,0.0,15.0,15.0,15.0,0.0
1587,PA,201604,3.0,0.0,18.0,0.0,18.0,18.0,18.0,0.0
1616,PA,201605,4.0,0.0,22.0,0.0,22.0,22.0,22.0,0.0
183,PA,201606,8.0,0.0,30.0,0.0,30.0,30.0,30.0,0.0
720,PA,201607,6.0,0.0,36.0,0.0,36.0,36.0,36.0,0.0
853,PA,201608,8.0,0.0,44.0,0.0,44.0,44.0,44.0,0.0
1428,PA,201609,3.0,0.0,47.0,0.0,47.0,47.0,47.0,0.0
874,PA,201610,8.0,0.0,55.0,0.0,55.0,55.0,55.0,0.0
975,PA,201611,10.0,0.0,65.0,0.0,65.0,65.0,65.0,0.0
1195,PA,201612,4.0,0.0,69.0,0.0,69.0,69.0,69.0,0.0
702,PA,201701,11.0,0.0,80.0,0.0,80.0,80.0,80.0,0.0
1548,PA,201702,5.0,0.0,85.0,0.0,85.0,85.0,85.0,0.0
866,PA,201703,6.0,0.0,91.0,0.0,91.0,91.0,91.0,0.0
1200,PA,201704,6.0,1.0,97.0,1.0,96.0,96.0,97.0,0.010309278350515464
226,PA,201705,5.0,0.0,102.0,1.0,101.0,101.0,101.0,0.0
1502,PA,201706,4.0,0.0,106.0,1.0,105.0,105.0,105.0,0.0
1068,PA,201707,3.0,0.0,109.0,1.0,108.0,108.0,108.0,0.0
1431,PA,201708,6.0,1.0,115.0,2.0,113.0,113.0,114.0,0.008771929824561403
965,PA,201709,4.0,0.0,119.0,2.0,117.0,117.0,117.0,0.0
1034,PA,201710,6.0,0.0,125.0,2.0,123.0,123.0,123.0,0.0
1261,PA,201711,4.0,0.0,129.0,2.0,127.0,127.0,127.0,0.0
725,PA,201712,5.0,0.0,134.0,2.0,132.0,132.0,132.0,0.0
150,PA,201801,5.0,0.0,139.0,2.0,137.0,137.0,137.0,0.0
608,PA,201802,6.0,0.0,145.0,2.0,143.0,143.0,143.0,0.0
1540,PA,201803,9.0,0.0,154.0,2.0,152.0,152.0,152.0,0.0
1575,PA,201804,4.0,0.0,158.0,2.0,156.0,156.0,156.0,0.0
53,PA,201805,9.0,0.0,167.0,2.0,165.0,165.0,165.0,0.0
807,PA,201806,6.0,0.0,173.0,2.0,171.0,171.0,171.0,0.0
722,PA,201807,6.0,0.0,179.0,2.0,177.0,177.0,177.0,0.0
134,PA,201808,4.0,0.0,183.0,2.0,181.0,181.0,181.0,0.0
93,PA,201809,4.0,0.0,187.0,2.0,185.0,185.0,185.0,0.0
1615,PA,201810,4.0,0.0,191.0,2.0,189.0,189.0,189.0,0.0
928,PA,201811,8.0,0.0,199.0,2.0,197.0,197.0,197.0,0.0
168,PA,201812,9.0,1.0,208.0,3.0,205.0,205.0,206.0,0.0048543689320388345
534,PA,201901,7.0,0.0,215.0,3.0,212.0,212.0,212.0,0.0
826,PA,201902,4.0,1.0,219.0,4.0,215.0,215.0,216.0,0.004629629629629629
463,PA,201903,8.0,0.0,227.0,4.0,223.0,223.0,223.0,0.0
1366,PA,201904,5.0,0.0,232.0,4.0,228.0,228.0,228.0,0.0
1523,PA,201905,5.0,0.0,237.0,4.0,233.0,233.0,233.0,0.0
565,PA,201906,5.0,0.0,242.0,4.0,238.0,238.0,238.0,0.0
787,PA,201907,7.0,0.0,249.0,4.0,245.0,245.0,245.0,0.0
1084,PA,201908,4.0,0.0,253.0,4.0,249.0,249.0,249.0,0.0
1491,PA,201909,5.0,0.0,258.0,4.0,254.0,254.0,254.0,0.0
630,PA,201910,5.0,0.0,263.0,4.0,259.0,259.0,259.0,0.0
436,PA,201911,5.0,1.0,268.0,5.0,263.0,263.0,264.0,0.003787878787878788
1251,PA,201912,5.0,0.0,273.0,5.0,268.0,268.0,268.0,0.0
1199,PA,202001,7.0,0.0,280.0,5.0,275.0,275.0,275.0,0.0
1018,PA,202002,4.0,4.0,284.0,9.0,275.0,275.0,279.0,0.014336917562724014
118,PA,202003,6.0,0.0,290.0,9.0,281.0,281.0,281.0,0.0
699,PA,202004,6.0,0.0,296.0,9.0,287.0,287.0,287.0,0.0
1152,PA,202005,4.0,0.0,300.0,9.0,291.0,291.0,291.0,0.0
1495,PA,202006,3.0,0.0,303.0,9.0,294.0,294.0,294.0,0.0
1224,PA,202007,5.0,0.0,308.0,9.0,299.0,299.0,299.0,0.0
1277,PA,202008,8.0,1.0,316.0,10.0,306.0,306.0,307.0,0.003257328990228013
982,PA,202009,8.0,0.0,324.0,10.0,314.0,314.0,314.0,0.0
49,PA,202010,7.0,1.0,331.0,11.0,320.0,320.0,321.0,0.003115264797507788
186,PA,202011,2.0,4.0,333.0,15.0,318.0,318.0,322.0,0.012422360248447204
1159,PA,202012,6.0,4.0,339.0,19.0,320.0,320.0,324.0,0.012345679012345678
605,PA,202101,7.0,2.0,346.0,21.0,325.0,325.0,327.0,0.0061162079510703364
1536,PA,202102,5.0,1.0,351.0,22.0,329.0,329.0,330.0,0.0030303030303030303
235,PB,201602,3.0,0.0,3.0,0.0,3.0,3.0,3.0,0.0
414,PB,201603,8.0,0.0,11.0,0.0,11.0,11.0,11.0,0.0
711,PB,201604,3.0,0.0,14.0,0.0,14.0,14.0,14.0,0.0
1514,PB,201605,8.0,0.0,22.0,0.0,22.0,22.0,22.0,0.0
55,PB,201606,12.0,0.0,34.0,0.0,34.0,34.0,34.0,0.0
184,PB,201607,9.0,0.0,43.0,0.0,43.0,43.0,43.0,0.0
612,PB,201608,2.0,0.0,45.0,0.0,45.0,45.0,45.0,0.0
245,PB,201609,5.0,0.0,50.0,0.0,50.0,50.0,50.0,0.0
1297,PB,201610,7.0,0.0,57.0,0.0,57.0,57.0,57.0,0.0
1002,PB,201611,6.0,0.0,63.0,0.0,63.0,63.0,63.0,0.0
289,PB,201612,5.0,0.0,68.0,0.0,68.0,68.0,68.0,0.0
1572,PB,201701,5.0,0.0,73.0,0.0,73.0,73.0,73.0,0.0
867,PB,201702,6.0,0.0,79.0,0.0,79.0,79.0,79.0,0.0
323,PB,201703,6.0,0.0,85.0,0.0,85.0,85.0,85.0,0.0
847,PB,201704,1.0,0.0,86.0,0.0,86.0,86.0,86.0,0.0
10,PB,201705,7.0,0.0,93.0,0.0,93.0,93.0,93.0,0.0
559,PB,201706,5.0,0.0,98.0,0.0,98.0,98.0,98.0,0.0
83,PB,201707,9.0,0.0,107.0,0.0,107.0,107.0,107.0,0.0
1323,PB,201708,2.0,0.0,109.0,0.0,109.0,109.0,109.0,0.0
1546,PB,201709,4.0,0.0,113.0,0.0,113.0,113.0,113.0,0.0
1012,PB,201710,8.0,0.0,121.0,0.0,121.0,121.0,121.0,0.0
494,PB,201711,12.0,1.0,133.0,1.0,132.0,132.0,133.0,0.007518796992481203
639,PB,201712,5.0,0.0,138.0,1.0,137.0,137.0,137.0,0.0
742,PB,201801,7.0,0.0,145.0,1.0,144.0,144.0,144.0,0.0
267,PB,201802,7.0,1.0,152.0,2.0,150.0,150.0,151.0,0.006622516556291391
1376,PB,201803,7.0,1.0,159.0,3.0,156.0,156.0,157.0,0.006369426751592357
114,PB,201804,7.0,0.0,166.0,3.0,163.0,163.0,163.0,0.0
382,PB,201805,11.0,0.0,177.0,3.0,174.0,174.0,174.0,0.0
863,PB,201806,10.0,0.0,187.0,3.0,184.0,184.0,184.0,0.0
930,PB,201807,7.0,0.0,194.0,3.0,191.0,191.0,191.0,0.0
806,PB,201808,6.0,0.0,200.0,3.0,197.0,197.0,197.0,0.0
1300,PB,201809,7.0,0.0,207.0,3.0,204.0,204.0,204.0,0.0
1550,PB,201810,5.0,0.0,212.0,3.0,209.0,209.0,209.0,0.0
687,PB,201811,7.0,0.0,219.0,3.0,216.0,216.0,216.0,0.0
1283,PB,201812,6.0,0.0,225.0,3.0,222.0,222.0,222.0,0.0
977,PB,201901,7.0,0.0,232.0,3.0,229.0,229.0,229.0,0.0
1292,PB,201902,8.0,0.0,240.0,3.0,237.0,237.0,237.0,0.0
1230,PB,201903,8.0,1.0,248.0,4.0,244.0,244.0,245.0,0.004081632653061225
1218,PB,201904,6.0,0.0,254.0,4.0,250.0,250.0,250.0,0.0
809,PB,201905,3.0,1.0,257.0,5.0,252.0,252.0,253.0,0.003952569169960474
1313,PB,201906,4.0,0.0,261.0,5.0,256.0,256.0,256.0,0.0
102,PB,201907,2.0,1.0,263.0,6.0,257.0,257.0,258.0,0.003875968992248062
99,PB,201908,8.0,0.0,271.0,6.0,265.0,265.0,265.0,0.0
846,PB,201909,4.0,0.0,275.0,6.0,269.0,269.0,269.0,0.0
557,PB,201910,5.0,1.0,280.0,7.0,273.0,273.0,274.0,0.0036496350364963502
1150,PB,201911,10.0,1.0,290.0,8.0,282.0,282.0,283.0,0.0035335689045936395
1126,PB,201912,8.0,0.0,298.0,8.0,290.0,290.0,290.0,0.0
1521,PB,202001,4.0,0.0,302.0,8.0,294.0,294.0,294.0,0.0
1570,PB,202002,5.0,1.0,307.0,9.0,298.0,298.0,299.0,0.0033444816053511705
879,PB,202003,5.0,0.0,312.0,9.0,303.0,303.0,303.0,0.0
440,PB,202004,7.0,1.0,319.0,10.0,309.0,309.0,310.0,0.0032258064516129032
1558,PB,202005,2.0,0.0,321.0,10.0,311.0,311.0,311.0,0.0
58,PB,202006,2.0,1.0,323.0,11.0,312.0,312.0,313.0,0.003194888178913738
696,PB,202007,6.0,0.0,329.0,11.0,318.0,318.0,318.0,0.0
1087,PB,202008,9.0,0.0,338.0,11.0,327.0,327.0,327.0,0.0
1585,PB,202009,4.0,2.0,342.0,13.0,329.0,329.0,331.0,0.006042296072507553
1258,PB,202010,8.0,0.0,350.0,13.0,337.0,337.0,337.0,0.0
1212,PB,202011,6.0,0.0,356.0,13.0,343.0,343.0,343.0,0.0
1436,PB,202012,5.0,0.0,361.0,13.0,348.0,348.0,348.0,0.0
1235,PB,202101,6.0,1.0,367.0,14.0,353.0,353.0,354.0,0.002824858757062147
1433,PB,202102,5.0,0.0,372.0,14.0,358.0,358.0,358.0,0.0
1238,PE,201602,4.0,0.0,4.0,0.0,4.0,4.0,4.0,0.0
109,PE,201603,9.0,0.0,13.0,0.0,13.0,13.0,13.0,0.0
1259,PE,201604,5.0,0.0,18.0,0.0,18.0,18.0,18.0,0.0
558,PE,201605,9.0,0.0,27.0,0.0,27.0,27.0,27.0,0.0
790,PE,201606,7.0,0.0,34.0,0.0,34.0,34.0,34.0,0.0
545,PE,201607,7.0,0.0,41.0,0.0,41.0,41.0,41.0,0.0
865,PE,201608,10.0,0.0,51.0,0.0,51.0,51.0,51.0,0.0
1307,PE,201609,7.0,0.0,58.0,0.0,58.0,58.0,58.0,0.0
1356,PE,201610,4.0,0.0,62.0,0.0,62.0,62.0,62.0,0.0
1492,PE,201611,5.0,0.0,67.0,0.0,67.0,67.0,67.0,0.0
1569,PE,201612,3.0,0.0,70.0,0.0,70.0,70.0,70.0,0.0
1268,PE,201701,3.0,0.0,73.0,0.0,73.0,73.0,73.0,0.0
1288,PE,201702,5.0,0.0,78.0,0.0,78.0,78.0,78.0,0.0
1293,PE,201703,4.0,0.0,82.0,0.0,82.0,82.0,82.0,0.0
1493,PE,201704,1.0,0.0,83.0,0.0,83.0,83.0,83.0,0.0
824,PE,201705,6.0,0.0,89.0,0.0,89.0,89.0,89.0,0.0
958,PE,201706,8.0,0.0,97.0,0.0,97.0,97.0,97.0,0.0
752,PE,201707,7.0,0.0,104.0,0.0,104.0,104.0,104.0,0.0
1371,PE,201708,9.0,0.0,113.0,0.0,113.0,113.0,113.0,0.0
1623,PE,201709,1.0,0.0,114.0,0.0,114.0,114.0,114.0,0.0
1024,PE,201710,9.0,0.0,123.0,0.0,123.0,123.0,123.0,0.0
34,PE,201711,4.0,1.0,127.0,1.0,126.0,126.0,127.0,0.007874015748031496
1103,PE,201712,3.0,0.0,130.0,1.0,129.0,129.0,129.0,0.0
886,PE,201801,4.0,1.0,134.0,2.0,132.0,132.0,133.0,0.007518796992481203
618,PE,201802,6.0,0.0,140.0,2.0,138.0,138.0,138.0,0.0
411,PE,201803,7.0,0.0,147.0,2.0,145.0,145.0,145.0,0.0
578,PE,201804,7.0,0.0,154.0,2.0,152.0,152.0,152.0,0.0
250,PE,201805,3.0,0.0,157.0,2.0,155.0,155.0,155.0,0.0
1051,PE,201806,7.0,0.0,164.0,2.0,162.0,162.0,162.0,0.0
3,PE,201807,8.0,0.0,172.0,2.0,170.0,170.0,170.0,0.0
1391,PE,201808,6.0,1.0,178.0,3.0,175.0,175.0,176.0,0.005681818181818182
1078,PE,201809,6.0,0.0,184.0,3.0,181.0,181.0,181.0,0.0
45,PE,201810,11.0,0.0,195.0,3.0,192.0,192.0,192.0,0.0
74,PE,201811,10.0,0.0,205.0,3.0,202.0,202.0,202.0,0.0
1593,PE,201812,5.0,0.0,210.0,3.0,207.0,207.0,207.0,0.0
854,PE,201901,8.0,0.0,218.0,3.0,215.0,215.0,215.0,0.0
1610,PE,201902,2.0,1.0,220.0,4.0,216.0,216.0,217.0,0.004608294930875576
254,PE,201903,9.0,1.0,229.0,5.0,224.0,224.0,225.0,0.0044444444444444444
1164,PE,201904,5.0,1.0,234.0,6.0,228.0,228.0,229.0,0.004366812227074236
895,PE,201905,8.0,0.0,242.0,6.0,236.0,236.0,236.0,0.0
1142,PE,201906,7.0,0.0,249.0,6.0,243.0,243.0,243.0,0.0
1227,PE,201907,7.0,0.0,256.0,6.0,250.0,250.0,250.0,0.0
1178,PE,201908,8.0,0.0,264.0,6.0,258.0,258.0,258.0,0.0
1282,PE,201909,7.0,0.0,271.0,6.0,265.0,265.0,265.0,0.0
1617,PE,201910,5.0,2.0,276.0,8.0,268.0,268.0,270.0,0.007407407407407408
1049,PE,201911,5.0,0.0,281.0,8.0,273.0,273.0,273.0,0.0
14,PE,201912,6.0,0.0,287.0,8.0,279.0,279.0,279.0,0.0
774,PE,202001,4.0,0.0,291.0,8.0,283.0,283.0,283.0,0.0
563,PE,202002,5.0,0.0,296.0,8.0,288.0,288.0,288.0,0.0
815,PE,202003,6.0,0.0,302.0,8.0,294.0,294.0,294.0,0.0
310,PE,202004,11.0,0.0,313.0,8.0,305.0,305.0,305.0,0.0
313,PE,202005,6.0,1.0,319.0,9.0,310.0,310.0,311.0,0.003215434083601286
917,PE,202006,7.0,2.0,326.0,11.0,315.0,315.0,317.0,0.006309148264984227
969,PE,202007,4.0,0.0,330.0,11.0,319.0,319.0,319.0,0.0
107,PE,202008,9.0,1.0,339.0,12.0,327.0,327.0,328.0,0.003048780487804878
1073,PE,202009,5.0,0.0,344.0,12.0,332.0,332.0,332.0,0.0
594,PE,202010,6.0,0.0,350.0,12.0,338.0,338.0,338.0,0.0
873,PE,202011,5.0,2.0,355.0,14.0,341.0,341.0,343.0,0.0058309037900874635
1273,PE,202012,8.0,2.0,363.0,16.0,347.0,347.0,349.0,0.0057306590257879654
1188,PE,202101,4.0,2.0,367.0,18.0,349.0,349.0,351.0,0.005698005698005698
1639,PE,202102,0.0,2.0,367.0,20.0,347.0,347.0,349.0,0.0057306590257879654
805,PI,201602,4.0,0.0,4.0,0.0,4.0,4.0,4.0,0.0
637,PI,201603,5.0,0.0,9.0,0.0,9.0,9.0,9.0,0.0
1108,PI,201604,2.0,0.0,11.0,0.0,11.0,11.0,11.0,0.0
1541,PI,201605,3.0,0.0,14.0,0.0,14.0,14.0,14.0,0.0
938,PI,201606,9.0,0.0,23.0,0.0,23.0,23.0,23.0,0.0
950,PI,201607,5.0,0.0,28.0,0.0,28.0,28.0,28.0,0.0
205,PI,201608,7.0,0.0,35.0,0.0,35.0,35.0,35.0,0.0
1318,PI,201609,6.0,0.0,41.0,0.0,41.0,41.0,41.0,0.0
981,PI,201610,8.0,0.0,49.0,0.0,49.0,49.0,49.0,0.0
820,PI,201611,4.0,0.0,53.0,0.0,53.0,53.0,53.0,0.0
911,PI,201612,5.0,0.0,58.0,0.0,58.0,58.0,58.0,0.0
767,PI,201701,5.0,0.0,63.0,0.0,63.0,63.0,63.0,0.0
641,PI,201702,8.0,0.0,71.0,0.0,71.0,71.0,71.0,0.0
912,PI,201703,9.0,0.0,80.0,0.0,80.0,80.0,80.0,0.0
1533,PI,201704,2.0,0.0,82.0,0.0,82.0,82.0,82.0,0.0
1568,PI,201705,2.0,0.0,84.0,0.0,84.0,84.0,84.0,0.0
481,PI,201706,3.0,0.0,87.0,0.0,87.0,87.0,87.0,0.0
583,PI,201707,5.0,0.0,92.0,0.0,92.0,92.0,92.0,0.0
466,PI,201708,8.0,0.0,100.0,0.0,100.0,100.0,100.0,0.0
372,PI,201709,5.0,0.0,105.0,0.0,105.0,105.0,105.0,0.0
942,PI,201710,8.0,0.0,113.0,0.0,113.0,113.0,113.0,0.0
748,PI,201711,3.0,0.0,116.0,0.0,116.0,116.0,116.0,0.0
286,PI,201712,9.0,0.0,125.0,0.0,125.0,125.0,125.0,0.0
81,PI,201801,12.0,0.0,137.0,0.0,137.0,137.0,137.0,0.0
952,PI,201802,8.0,0.0,145.0,0.0,145.0,145.0,145.0,0.0
601,PI,201803,4.0,0.0,149.0,0.0,149.0,149.0,149.0,0.0
469,PI,201804,4.0,0.0,153.0,0.0,153.0,153.0,153.0,0.0
782,PI,201805,6.0,0.0,159.0,0.0,159.0,159.0,159.0,0.0
398,PI,201806,7.0,0.0,166.0,0.0,166.0,166.0,166.0,0.0
1551,PI,201807,4.0,0.0,170.0,0.0,170.0,170.0,170.0,0.0
1109,PI,201808,4.0,0.0,174.0,0.0,174.0,174.0,174.0,0.0
1470,PI,201810,3.0,0.0,177.0,0.0,177.0,177.0,177.0,0.0
802,PI,201811,7.0,0.0,184.0,0.0,184.0,184.0,184.0,0.0
1254,PI,201812,9.0,0.0,193.0,0.0,193.0,193.0,193.0,0.0
1151,PI,201901,3.0,0.0,196.0,0.0,196.0,196.0,196.0,0.0
21,PI,201902,10.0,0.0,206.0,0.0,206.0,206.0,206.0,0.0
198,PI,201903,8.0,0.0,214.0,0.0,214.0,214.0,214.0,0.0
552,PI,201904,6.0,0.0,220.0,0.0,220.0,220.0,220.0,0.0
394,PI,201905,5.0,0.0,225.0,0.0,225.0,225.0,225.0,0.0
1499,PI,201906,9.0,0.0,234.0,0.0,234.0,234.0,234.0,0.0
1099,PI,201907,9.0,0.0,243.0,0.0,243.0,243.0,243.0,0.0
135,PI,201908,5.0,0.0,248.0,0.0,248.0,248.0,248.0,0.0
224,PI,201909,7.0,2.0,255.0,2.0,253.0,253.0,255.0,0.00784313725490196
383,PI,201910,5.0,0.0,260.0,2.0,258.0,258.0,258.0,0.0
1434,PI,201911,3.0,1.0,263.0,3.0,260.0,260.0,261.0,0.0038314176245210726
1107,PI,201912,5.0,0.0,268.0,3.0,265.0,265.0,265.0,0.0
902,PI,202001,5.0,1.0,273.0,4.0,269.0,269.0,270.0,0.003703703703703704
269,PI,202002,3.0,0.0,276.0,4.0,272.0,272.0,272.0,0.0
629,PI,202003,4.0,0.0,280.0,4.0,276.0,276.0,276.0,0.0
830,PI,202004,2.0,0.0,282.0,4.0,278.0,278.0,278.0,0.0
1370,PI,202005,6.0,0.0,288.0,4.0,284.0,284.0,284.0,0.0
1070,PI,202006,6.0,0.0,294.0,4.0,290.0,290.0,290.0,0.0
924,PI,202007,2.0,1.0,296.0,5.0,291.0,291.0,292.0,0.003424657534246575
1148,PI,202008,7.0,2.0,303.0,7.0,296.0,296.0,298.0,0.006711409395973154
110,PI,202009,3.0,1.0,306.0,8.0,298.0,298.0,299.0,0.0033444816053511705
1522,PI,202010,3.0,0.0,309.0,8.0,301.0,301.0,301.0,0.0
1567,PI,202011,5.0,0.0,314.0,8.0,306.0,306.0,306.0,0.0
405,PI,202012,9.0,2.0,323.0,10.0,313.0,313.0,315.0,0.006349206349206349
655,PI,202101,8.0,0.0,331.0,10.0,321.0,321.0,321.0,0.0
422,PI,202102,7.0,1.0,338.0,11.0,327.0,327.0,328.0,0.003048780487804878
1624,PR,201602,3.0,0.0,3.0,0.0,3.0,3.0,3.0,0.0
953,PR,201603,7.0,0.0,10.0,0.0,10.0,10.0,10.0,0.0
1309,PR,201604,5.0,0.0,15.0,0.0,15.0,15.0,15.0,0.0
880,PR,201605,5.0,0.0,20.0,0.0,20.0,20.0,20.0,0.0
1464,PR,201606,5.0,0.0,25.0,0.0,25.0,25.0,25.0,0.0
299,PR,201607,4.0,0.0,29.0,0.0,29.0,29.0,29.0,0.0
1566,PR,201608,4.0,0.0,33.0,0.0,33.0,33.0,33.0,0.0
1123,PR,201609,7.0,0.0,40.0,0.0,40.0,40.0,40.0,0.0
1248,PR,201610,7.0,0.0,47.0,0.0,47.0,47.0,47.0,0.0
576,PR,201611,5.0,0.0,52.0,0.0,52.0,52.0,52.0,0.0
476,PR,201612,8.0,0.0,60.0,0.0,60.0,60.0,60.0,0.0
514,PR,201701,7.0,0.0,67.0,0.0,67.0,67.0,67.0,0.0
193,PR,201702,7.0,0.0,74.0,0.0,74.0,74.0,74.0,0.0
253,PR,201703,8.0,0.0,82.0,0.0,82.0,82.0,82.0,0.0
280,PR,201704,6.0,0.0,88.0,0.0,88.0,88.0,88.0,0.0
124,PR,201705,8.0,0.0,96.0,0.0,96.0,96.0,96.0,0.0
319,PR,201706,5.0,1.0,101.0,1.0,100.0,100.0,101.0,0.009900990099009901
983,PR,201707,6.0,0.0,107.0,1.0,106.0,106.0,106.0,0.0
154,PR,201708,6.0,0.0,113.0,1.0,112.0,112.0,112.0,0.0
675,PR,201709,9.0,1.0,122.0,2.0,120.0,120.0,121.0,0.008264462809917356
112,PR,201710,6.0,0.0,128.0,2.0,126.0,126.0,126.0,0.0
1599,PR,201711,2.0,0.0,130.0,2.0,128.0,128.0,128.0,0.0
8,PR,201712,5.0,0.0,135.0,2.0,133.0,133.0,133.0,0.0
744,PR,201801,14.0,0.0,149.0,2.0,147.0,147.0,147.0,0.0
1486,PR,201802,5.0,0.0,154.0,2.0,152.0,152.0,152.0,0.0
177,PR,201803,5.0,0.0,159.0,2.0,157.0,157.0,157.0,0.0
306,PR,201804,7.0,0.0,166.0,2.0,164.0,164.0,164.0,0.0
352,PR,201805,6.0,0.0,172.0,2.0,170.0,170.0,170.0,0.0
648,PR,201806,8.0,0.0,180.0,2.0,178.0,178.0,178.0,0.0
91,PR,201807,8.0,0.0,188.0,2.0,186.0,186.0,186.0,0.0
1056,PR,201808,6.0,0.0,194.0,2.0,192.0,192.0,192.0,0.0
611,PR,201809,7.0,0.0,201.0,2.0,199.0,199.0,199.0,0.0
328,PR,201810,7.0,0.0,208.0,2.0,206.0,206.0,206.0,0.0
929,PR,201811,5.0,0.0,213.0,2.0,211.0,211.0,211.0,0.0
533,PR,201812,5.0,0.0,218.0,2.0,216.0,216.0,216.0,0.0
535,PR,201901,7.0,0.0,225.0,2.0,223.0,223.0,223.0,0.0
1461,PR,201902,5.0,1.0,230.0,3.0,227.0,227.0,228.0,0.0043859649122807015
219,PR,201903,7.0,0.0,237.0,3.0,234.0,234.0,234.0,0.0
123,PR,201904,3.0,1.0,240.0,4.0,236.0,236.0,237.0,0.004219409282700422
756,PR,201905,10.0,1.0,250.0,5.0,245.0,245.0,246.0,0.0040650406504065045
1214,PR,201906,7.0,0.0,257.0,5.0,252.0,252.0,252.0,0.0
1484,PR,201907,7.0,0.0,264.0,5.0,259.0,259.0,259.0,0.0
201,PR,201908,4.0,0.0,268.0,5.0,263.0,263.0,263.0,0.0
1608,PR,201909,4.0,0.0,272.0,5.0,267.0,267.0,267.0,0.0
26,PR,201910,9.0,0.0,281.0,5.0,276.0,276.0,276.0,0.0
1482,PR,201911,6.0,0.0,287.0,5.0,282.0,282.0,282.0,0.0
749,PR,201912,11.0,0.0,298.0,5.0,293.0,293.0,293.0,0.0
553,PR,202001,6.0,0.0,304.0,5.0,299.0,299.0,299.0,0.0
683,PR,202002,9.0,0.0,313.0,5.0,308.0,308.0,308.0,0.0
634,PR,202003,8.0,0.0,321.0,5.0,316.0,316.0,316.0,0.0
1196,PR,202004,6.0,0.0,327.0,5.0,322.0,322.0,322.0,0.0
17,PR,202005,6.0,0.0,333.0,5.0,328.0,328.0,328.0,0.0
603,PR,202006,9.0,0.0,342.0,5.0,337.0,337.0,337.0,0.0
293,PR,202007,9.0,2.0,351.0,7.0,344.0,344.0,346.0,0.005780346820809248
423,PR,202008,6.0,2.0,357.0,9.0,348.0,348.0,350.0,0.005714285714285714
973,PR,202009,1.0,1.0,358.0,10.0,348.0,348.0,349.0,0.0028653295128939827
1398,PR,202010,4.0,1.0,362.0,11.0,351.0,351.0,352.0,0.002840909090909091
148,PR,202011,4.0,2.0,366.0,13.0,353.0,353.0,355.0,0.005633802816901409
797,PR,202012,7.0,1.0,373.0,14.0,359.0,359.0,360.0,0.002777777777777778
1065,PR,202101,7.0,2.0,380.0,16.0,364.0,364.0,366.0,0.00546448087431694
948,PR,202102,5.0,1.0,385.0,17.0,368.0,368.0,369.0,0.0027100271002710027
1622,RJ,201602,1.0,0.0,1.0,0.0,1.0,1.0,1.0,0.0
596,RJ,201603,7.0,0.0,8.0,0.0,8.0,8.0,8.0,0.0
87,RJ,201604,8.0,0.0,16.0,0.0,16.0,16.0,16.0,0.0
786,RJ,201605,7.0,0.0,23.0,0.0,23.0,23.0,23.0,0.0
1197,RJ,201606,9.0,0.0,32.0,0.0,32.0,32.0,32.0,0.0
15,RJ,201607,6.0,0.0,38.0,0.0,38.0,38.0,38.0,0.0
573,RJ,201608,6.0,0.0,44.0,0.0,44.0,44.0,44.0,0.0
434,RJ,201609,7.0,0.0,51.0,0.0,51.0,51.0,51.0,0.0
544,RJ,201610,8.0,0.0,59.0,0.0,59.0,59.0,59.0,0.0
1222,RJ,201611,3.0,0.0,62.0,0.0,62.0,62.0,62.0,0.0
653,RJ,201612,3.0,0.0,65.0,0.0,65.0,65.0,65.0,0.0
420,RJ,201701,9.0,1.0,74.0,1.0,73.0,73.0,74.0,0.013513513513513514
705,RJ,201702,8.0,0.0,82.0,1.0,81.0,81.0,81.0,0.0
421,RJ,201703,8.0,0.0,90.0,1.0,89.0,89.0,89.0,0.0
113,RJ,201704,7.0,0.0,97.0,1.0,96.0,96.0,96.0,0.0
1095,RJ,201705,6.0,0.0,103.0,1.0,102.0,102.0,102.0,0.0
160,RJ,201706,11.0,0.0,114.0,1.0,113.0,113.0,113.0,0.0
282,RJ,201707,11.0,0.0,125.0,1.0,124.0,124.0,124.0,0.0
1415,RJ,201708,3.0,0.0,128.0,1.0,127.0,127.0,127.0,0.0
89,RJ,201709,7.0,0.0,135.0,1.0,134.0,134.0,134.0,0.0
1607,RJ,201710,5.0,0.0,140.0,1.0,139.0,139.0,139.0,0.0
1298,RJ,201711,4.0,2.0,144.0,3.0,141.0,141.0,143.0,0.013986013986013986
959,RJ,201712,6.0,0.0,150.0,3.0,147.0,147.0,147.0,0.0
1384,RJ,201801,6.0,0.0,156.0,3.0,153.0,153.0,153.0,0.0
223,RJ,201802,8.0,1.0,164.0,4.0,160.0,160.0,161.0,0.006211180124223602
599,RJ,201803,5.0,0.0,169.0,4.0,165.0,165.0,165.0,0.0
1113,RJ,201804,7.0,0.0,176.0,4.0,172.0,172.0,172.0,0.0
832,RJ,201805,7.0,0.0,183.0,4.0,179.0,179.0,179.0,0.0
4,RJ,201806,9.0,0.0,192.0,4.0,188.0,188.0,188.0,0.0
841,RJ,201807,5.0,0.0,197.0,4.0,193.0,193.0,193.0,0.0
536,RJ,201808,4.0,0.0,201.0,4.0,197.0,197.0,197.0,0.0
1592,RJ,201809,5.0,0.0,206.0,4.0,202.0,202.0,202.0,0.0
1518,RJ,201810,3.0,0.0,209.0,4.0,205.0,205.0,205.0,0.0
1560,RJ,201811,6.0,0.0,215.0,4.0,211.0,211.0,211.0,0.0
1121,RJ,201812,8.0,0.0,223.0,4.0,219.0,219.0,219.0,0.0
718,RJ,201901,4.0,1.0,227.0,5.0,222.0,222.0,223.0,0.004484304932735426
540,RJ,201902,8.0,0.0,235.0,5.0,230.0,230.0,230.0,0.0
766,RJ,201903,6.0,1.0,241.0,6.0,235.0,235.0,236.0,0.00423728813559322
1191,RJ,201904,7.0,0.0,248.0,6.0,242.0,242.0,242.0,0.0
225,RJ,201905,9.0,0.0,257.0,6.0,251.0,251.0,251.0,0.0
1449,RJ,201906,4.0,0.0,261.0,6.0,255.0,255.0,255.0,0.0
1563,RJ,201907,4.0,1.0,265.0,7.0,258.0,258.0,259.0,0.003861003861003861
1048,RJ,201908,6.0,0.0,271.0,7.0,264.0,264.0,264.0,0.0
1295,RJ,201909,4.0,1.0,275.0,8.0,267.0,267.0,268.0,0.0037313432835820895
757,RJ,201910,9.0,0.0,284.0,8.0,276.0,276.0,276.0,0.0
1110,RJ,201911,5.0,1.0,289.0,9.0,280.0,280.0,281.0,0.0035587188612099642
1226,RJ,201912,7.0,0.0,296.0,9.0,287.0,287.0,287.0,0.0
979,RJ,202001,9.0,0.0,305.0,9.0,296.0,296.0,296.0,0.0
591,RJ,202002,8.0,1.0,313.0,10.0,303.0,303.0,304.0,0.003289473684210526
1368,RJ,202003,3.0,0.0,316.0,10.0,306.0,306.0,306.0,0.0
218,RJ,202004,10.0,0.0,326.0,10.0,316.0,316.0,316.0,0.0
1017,RJ,202005,4.0,0.0,330.0,10.0,320.0,320.0,320.0,0.0
164,RJ,202006,6.0,1.0,336.0,11.0,325.0,325.0,326.0,0.003067484662576687
71,RJ,202007,4.0,0.0,340.0,11.0,329.0,329.0,329.0,0.0
1426,RJ,202008,4.0,2.0,344.0,13.0,331.0,331.0,333.0,0.006006006006006006
795,RJ,202009,6.0,1.0,350.0,14.0,336.0,336.0,337.0,0.002967359050445104
227,RJ,202010,6.0,2.0,356.0,16.0,340.0,340.0,342.0,0.005847953216374269
1424,RJ,202011,4.0,0.0,360.0,16.0,344.0,344.0,344.0,0.0
1149,RJ,202012,7.0,0.0,367.0,16.0,351.0,351.0,351.0,0.0
1447,RJ,202101,5.0,0.0,372.0,16.0,356.0,356.0,356.0,0.0
554,RJ,202102,5.0,0.0,377.0,16.0,361.0,361.0,361.0,0.0
1481,RN,201602,1.0,0.0,1.0,0.0,1.0,1.0,1.0,0.0
1603,RN,201603,2.0,0.0,3.0,0.0,3.0,3.0,3.0,0.0
353,RN,201604,4.0,0.0,7.0,0.0,7.0,7.0,7.0,0.0
137,RN,201605,8.0,0.0,15.0,0.0,15.0,15.0,15.0,0.0
1000,RN,201606,8.0,0.0,23.0,0.0,23.0,23.0,23.0,0.0
569,RN,201607,5.0,0.0,28.0,0.0,28.0,28.0,28.0,0.0
1468,RN,201608,5.0,0.0,33.0,0.0,33.0,33.0,33.0,0.0
98,RN,201609,14.0,0.0,47.0,0.0,47.0,47.0,47.0,0.0
1578,RN,201610,4.0,0.0,51.0,0.0,51.0,51.0,51.0,0.0
1435,RN,201611,2.0,0.0,53.0,0.0,53.0,53.0,53.0,0.0
793,RN,201612,9.0,1.0,62.0,1.0,61.0,61.0,62.0,0.016129032258064516
1496,RN,201701,4.0,0.0,66.0,1.0,65.0,65.0,65.0,0.0
751,RN,201702,10.0,0.0,76.0,1.0,75.0,75.0,75.0,0.0
843,RN,201703,5.0,0.0,81.0,1.0,80.0,80.0,80.0,0.0
393,RN,201704,8.0,0.0,89.0,1.0,88.0,88.0,88.0,0.0
167,RN,201705,5.0,0.0,94.0,1.0,93.0,93.0,93.0,0.0
736,RN,201706,9.0,0.0,103.0,1.0,102.0,102.0,102.0,0.0
575,RN,201707,6.0,0.0,109.0,1.0,108.0,108.0,108.0,0.0
581,RN,201708,9.0,1.0,118.0,2.0,116.0,116.0,117.0,0.008547008547008548
551,RN,201709,8.0,0.0,126.0,2.0,124.0,124.0,124.0,0.0
325,RN,201710,4.0,0.0,130.0,2.0,128.0,128.0,128.0,0.0
48,RN,201711,8.0,0.0,138.0,2.0,136.0,136.0,136.0,0.0
266,RN,201712,8.0,1.0,146.0,3.0,143.0,143.0,144.0,0.006944444444444444
682,RN,201801,6.0,0.0,152.0,3.0,149.0,149.0,149.0,0.0
404,RN,201802,6.0,0.0,158.0,3.0,155.0,155.0,155.0,0.0
1176,RN,201803,6.0,0.0,164.0,3.0,161.0,161.0,161.0,0.0
920,RN,201804,7.0,1.0,171.0,4.0,167.0,167.0,168.0,0.005952380952380952
1119,RN,201805,6.0,0.0,177.0,4.0,173.0,173.0,173.0,0.0
1452,RN,201806,4.0,0.0,181.0,4.0,177.0,177.0,177.0,0.0
316,RN,201807,9.0,0.0,190.0,4.0,186.0,186.0,186.0,0.0
344,RN,201808,4.0,1.0,194.0,5.0,189.0,189.0,190.0,0.005263157894736842
956,RN,201809,3.0,0.0,197.0,5.0,192.0,192.0,192.0,0.0
1613,RN,201810,1.0,0.0,198.0,5.0,193.0,193.0,193.0,0.0
1253,RN,201811,6.0,0.0,204.0,5.0,199.0,199.0,199.0,0.0
1408,RN,201812,4.0,1.0,208.0,6.0,202.0,202.0,203.0,0.0049261083743842365
891,RN,201901,7.0,0.0,215.0,6.0,209.0,209.0,209.0,0.0
861,RN,201903,7.0,0.0,222.0,6.0,216.0,216.0,216.0,0.0
1529,RN,201904,6.0,0.0,228.0,6.0,222.0,222.0,222.0,0.0
1612,RN,201905,2.0,0.0,230.0,6.0,224.0,224.0,224.0,0.0
1053,RN,201906,3.0,0.0,233.0,6.0,227.0,227.0,227.0,0.0
326,RN,201907,9.0,0.0,242.0,6.0,236.0,236.0,236.0,0.0
1140,RN,201908,7.0,1.0,249.0,7.0,242.0,242.0,243.0,0.00411522633744856
1245,RN,201909,6.0,0.0,255.0,7.0,248.0,248.0,248.0,0.0
590,RN,201910,11.0,0.0,266.0,7.0,259.0,259.0,259.0,0.0
1537,RN,201911,2.0,0.0,268.0,7.0,261.0,261.0,261.0,0.0
32,RN,201912,10.0,0.0,278.0,7.0,271.0,271.0,271.0,0.0
1444,RN,202001,3.0,0.0,281.0,7.0,274.0,274.0,274.0,0.0
712,RN,202002,7.0,0.0,288.0,7.0,281.0,281.0,281.0,0.0
36,RN,202003,6.0,0.0,294.0,7.0,287.0,287.0,287.0,0.0
432,RN,202004,7.0,1.0,301.0,8.0,293.0,293.0,294.0,0.003401360544217687
1620,RN,202005,2.0,1.0,303.0,9.0,294.0,294.0,295.0,0.003389830508474576
519,RN,202006,6.0,0.0,309.0,9.0,300.0,300.0,300.0,0.0
733,RN,202007,5.0,0.0,314.0,9.0,305.0,305.0,305.0,0.0
397,RN,202008,5.0,1.0,319.0,10.0,309.0,309.0,310.0,0.0032258064516129032
1545,RN,202009,3.0,0.0,322.0,10.0,312.0,312.0,312.0,0.0
308,RN,202010,11.0,1.0,333.0,11.0,322.0,322.0,323.0,0.0030959752321981426
336,RN,202011,8.0,2.0,341.0,13.0,328.0,328.0,330.0,0.006060606060606061
1348,RN,202012,5.0,0.0,346.0,13.0,333.0,333.0,333.0,0.0
1559,RN,202101,4.0,1.0,350.0,14.0,336.0,336.0,337.0,0.002967359050445104
146,RN,202102,3.0,1.0,353.0,15.0,338.0,338.0,339.0,0.0029498525073746312
759,RO,201602,3.0,0.0,3.0,0.0,3.0,3.0,3.0,0.0
738,RO,201603,1.0,0.0,4.0,0.0,4.0,4.0,4.0,0.0
970,RO,201604,8.0,0.0,12.0,0.0,12.0,12.0,12.0,0.0
1080,RO,201605,8.0,0.0,20.0,0.0,20.0,20.0,20.0,0.0
1483,RO,201606,4.0,0.0,24.0,0.0,24.0,24.0,24.0,0.0
589,RO,201607,6.0,0.0,30.0,0.0,30.0,30.0,30.0,0.0
1183,RO,201608,9.0,0.0,39.0,0.0,39.0,39.0,39.0,0.0
842,RO,201609,10.0,0.0,49.0,0.0,49.0,49.0,49.0,0.0
1334,RO,201610,11.0,0.0,60.0,0.0,60.0,60.0,60.0,0.0
1594,RO,201611,3.0,0.0,63.0,0.0,63.0,63.0,63.0,0.0
1284,RO,201612,8.0,0.0,71.0,0.0,71.0,71.0,71.0,0.0
1047,RO,201701,5.0,0.0,76.0,0.0,76.0,76.0,76.0,0.0
131,RO,201702,8.0,0.0,84.0,0.0,84.0,84.0,84.0,0.0
46,RO,201703,4.0,0.0,88.0,0.0,88.0,88.0,88.0,0.0
210,RO,201704,7.0,0.0,95.0,0.0,95.0,95.0,95.0,0.0
1419,RO,201705,6.0,0.0,101.0,0.0,101.0,101.0,101.0,0.0
491,RO,201706,7.0,0.0,108.0,0.0,108.0,108.0,108.0,0.0
1118,RO,201707,6.0,0.0,114.0,0.0,114.0,114.0,114.0,0.0
1515,RO,201708,4.0,0.0,118.0,0.0,118.0,118.0,118.0,0.0
1359,RO,201709,1.0,0.0,119.0,0.0,119.0,119.0,119.0,0.0
518,RO,201710,7.0,0.0,126.0,0.0,126.0,126.0,126.0,0.0
472,RO,201711,5.0,0.0,131.0,0.0,131.0,131.0,131.0,0.0
349,RO,201712,11.0,0.0,142.0,0.0,142.0,142.0,142.0,0.0
940,RO,201801,6.0,0.0,148.0,0.0,148.0,148.0,148.0,0.0
246,RO,201802,4.0,1.0,152.0,1.0,151.0,151.0,152.0,0.006578947368421052
585,RO,201803,7.0,0.0,159.0,1.0,158.0,158.0,158.0,0.0
106,RO,201804,4.0,1.0,163.0,2.0,161.0,161.0,162.0,0.006172839506172839
230,RO,201805,7.0,0.0,170.0,2.0,168.0,168.0,168.0,0.0
73,RO,201806,8.0,0.0,178.0,2.0,176.0,176.0,176.0,0.0
1480,RO,201807,4.0,0.0,182.0,2.0,180.0,180.0,180.0,0.0
754,RO,201808,6.0,0.0,188.0,2.0,186.0,186.0,186.0,0.0
1466,RO,201809,6.0,0.0,194.0,2.0,192.0,192.0,192.0,0.0
974,RO,201810,5.0,0.0,199.0,2.0,197.0,197.0,197.0,0.0
1420,RO,201811,5.0,0.0,204.0,2.0,202.0,202.0,202.0,0.0
28,RO,201812,5.0,0.0,209.0,2.0,207.0,207.0,207.0,0.0
1014,RO,201901,7.0,1.0,216.0,3.0,213.0,213.0,214.0,0.004672897196261682
35,RO,201902,9.0,0.0,225.0,3.0,222.0,222.0,222.0,0.0
869,RO,201903,7.0,1.0,232.0,4.0,228.0,228.0,229.0,0.004366812227074236
684,RO,201904,9.0,0.0,241.0,4.0,237.0,237.0,237.0,0.0
1211,RO,201905,4.0,0.0,245.0,4.0,241.0,241.0,241.0,0.0
1069,RO,201906,9.0,0.0,254.0,4.0,250.0,250.0,250.0,0.0
342,RO,201907,6.0,0.0,260.0,4.0,256.0,256.0,256.0,0.0
1320,RO,201908,5.0,0.0,265.0,4.0,261.0,261.0,261.0,0.0
504,RO,201909,12.0,1.0,277.0,5.0,272.0,272.0,273.0,0.003663003663003663
927,RO,201910,4.0,0.0,281.0,5.0,276.0,276.0,276.0,0.0
654,RO,201911,6.0,1.0,287.0,6.0,281.0,281.0,282.0,0.0035460992907801418
1576,RO,201912,4.0,0.0,291.0,6.0,285.0,285.0,285.0,0.0
960,RO,202001,5.0,0.0,296.0,6.0,290.0,290.0,290.0,0.0
864,RO,202002,6.0,0.0,302.0,6.0,296.0,296.0,296.0,0.0
70,RO,202003,4.0,1.0,306.0,7.0,299.0,299.0,300.0,0.0033333333333333335
964,RO,202004,7.0,1.0,313.0,8.0,305.0,305.0,306.0,0.0032679738562091504
580,RO,202005,6.0,1.0,319.0,9.0,310.0,310.0,311.0,0.003215434083601286
913,RO,202006,8.0,0.0,327.0,9.0,318.0,318.0,318.0,0.0
57,RO,202007,10.0,0.0,337.0,9.0,328.0,328.0,328.0,0.0
772,RO,202008,10.0,1.0,347.0,10.0,337.0,337.0,338.0,0.0029585798816568047
23,RO,202009,5.0,3.0,352.0,13.0,339.0,339.0,342.0,0.008771929824561403
785,RO,202010,9.0,2.0,361.0,15.0,346.0,346.0,348.0,0.005747126436781609
1171,RO,202011,6.0,0.0,367.0,15.0,352.0,352.0,352.0,0.0
384,RO,202012,4.0,1.0,371.0,16.0,355.0,355.0,356.0,0.0028089887640449437
1144,RO,202101,8.0,1.0,379.0,17.0,362.0,362.0,363.0,0.0027548209366391185
1336,RO,202102,2.0,0.0,381.0,17.0,364.0,364.0,364.0,0.0
1308,RR,201602,2.0,0.0,2.0,0.0,2.0,2.0,2.0,0.0
689,RR,201603,6.0,0.0,8.0,0.0,8.0,8.0,8.0,0.0
1101,RR,201604,6.0,0.0,14.0,0.0,14.0,14.0,14.0,0.0
934,RR,201605,9.0,0.0,23.0,0.0,23.0,23.0,23.0,0.0
1203,RR,201606,11.0,0.0,34.0,0.0,34.0,34.0,34.0,0.0
76,RR,201607,5.0,0.0,39.0,0.0,39.0,39.0,39.0,0.0
281,RR,201608,10.0,1.0,49.0,1.0,48.0,48.0,49.0,0.02040816326530612
1102,RR,201609,6.0,0.0,55.0,1.0,54.0,54.0,54.0,0.0
264,RR,201610,7.0,0.0,62.0,1.0,61.0,61.0,61.0,0.0
302,RR,201611,5.0,0.0,67.0,1.0,66.0,66.0,66.0,0.0
870,RR,201612,4.0,0.0,71.0,1.0,70.0,70.0,70.0,0.0
1445,RR,201701,7.0,0.0,78.0,1.0,77.0,77.0,77.0,0.0
1565,RR,201702,3.0,0.0,81.0,1.0,80.0,80.0,80.0,0.0
908,RR,201703,8.0,0.0,89.0,1.0,88.0,88.0,88.0,0.0
593,RR,201704,5.0,1.0,94.0,2.0,92.0,92.0,93.0,0.010752688172043012
1467,RR,201705,5.0,0.0,99.0,2.0,97.0,97.0,97.0,0.0
1602,RR,201706,3.0,0.0,102.0,2.0,100.0,100.0,100.0,0.0
312,RR,201707,6.0,0.0,108.0,2.0,106.0,106.0,106.0,0.0
963,RR,201708,11.0,0.0,119.0,2.0,117.0,117.0,117.0,0.0
11,RR,201709,11.0,0.0,130.0,2.0,128.0,128.0,128.0,0.0
1158,RR,201710,7.0,0.0,137.0,2.0,135.0,135.0,135.0,0.0
206,RR,201711,10.0,0.0,147.0,2.0,145.0,145.0,145.0,0.0
878,RR,201712,9.0,0.0,156.0,2.0,154.0,154.0,154.0,0.0
1263,RR,201801,6.0,0.0,162.0,2.0,160.0,160.0,160.0,0.0
1501,RR,201802,6.0,0.0,168.0,2.0,166.0,166.0,166.0,0.0
460,RR,201803,4.0,0.0,172.0,2.0,170.0,170.0,170.0,0.0
1373,RR,201804,2.0,0.0,174.0,2.0,172.0,172.0,172.0,0.0
333,RR,201805,12.0,0.0,186.0,2.0,184.0,184.0,184.0,0.0
163,RR,201806,7.0,0.0,193.0,2.0,191.0,191.0,191.0,0.0
1086,RR,201807,6.0,1.0,199.0,3.0,196.0,196.0,197.0,0.005076142131979695
885,RR,201808,7.0,0.0,206.0,3.0,203.0,203.0,203.0,0.0
359,RR,201809,8.0,0.0,214.0,3.0,211.0,211.0,211.0,0.0
1033,RR,201810,7.0,0.0,221.0,3.0,218.0,218.0,218.0,0.0
1349,RR,201811,6.0,0.0,227.0,3.0,224.0,224.0,224.0,0.0
652,RR,201812,9.0,0.0,236.0,3.0,233.0,233.0,233.0,0.0
448,RR,201901,10.0,0.0,246.0,3.0,243.0,243.0,243.0,0.0
538,RR,201902,4.0,0.0,250.0,3.0,247.0,247.0,247.0,0.0
2,RR,201903,3.0,0.0,253.0,3.0,250.0,250.0,250.0,0.0
263,RR,201904,10.0,1.0,263.0,4.0,259.0,259.0,260.0,0.0038461538461538464
484,RR,201905,8.0,0.0,271.0,4.0,267.0,267.0,267.0,0.0
360,RR,201906,7.0,0.0,278.0,4.0,274.0,274.0,274.0,0.0
1003,RR,201907,3.0,0.0,281.0,4.0,277.0,277.0,277.0,0.0
1208,RR,201908,4.0,0.0,285.0,4.0,281.0,281.0,281.0,0.0
614,RR,201909,5.0,2.0,290.0,6.0,284.0,284.0,286.0,0.006993006993006993
1438,RR,201910,8.0,1.0,298.0,7.0,291.0,291.0,292.0,0.003424657534246575
522,RR,201911,9.0,0.0,307.0,7.0,300.0,300.0,300.0,0.0
1,RR,201912,8.0,0.0,315.0,7.0,308.0,308.0,308.0,0.0
813,RR,202001,10.0,0.0,325.0,7.0,318.0,318.0,318.0,0.0
586,RR,202002,1.0,2.0,326.0,9.0,317.0,317.0,319.0,0.006269592476489028
1317,RR,202003,5.0,0.0,331.0,9.0,322.0,322.0,322.0,0.0
127,RR,202004,6.0,1.0,337.0,10.0,327.0,327.0,328.0,0.003048780487804878
688,RR,202005,5.0,2.0,342.0,12.0,330.0,330.0,332.0,0.006024096385542169
1074,RR,202006,5.0,0.0,347.0,12.0,335.0,335.0,335.0,0.0
899,RR,202007,3.0,2.0,350.0,14.0,336.0,336.0,338.0,0.005917159763313609
876,RR,202008,7.0,1.0,357.0,15.0,342.0,342.0,343.0,0.0029154518950437317
957,RR,202009,7.0,1.0,364.0,16.0,348.0,348.0,349.0,0.0028653295128939827
976,RR,202010,6.0,1.0,370.0,17.0,353.0,353.0,354.0,0.002824858757062147
1450,RR,202011,7.0,1.0,377.0,18.0,359.0,359.0,360.0,0.002777777777777778
317,RR,202012,9.0,2.0,386.0,20.0,366.0,366.0,368.0,0.005434782608695652
1396,RR,202101,5.0,1.0,391.0,21.0,370.0,370.0,371.0,0.0026954177897574125
144,RR,202102,5.0,2.0,396.0,23.0,373.0,373.0,375.0,0.005333333333333333
1378,RS,201602,1.0,0.0,1.0,0.0,1.0,1.0,1.0,0.0
646,RS,201603,7.0,0.0,8.0,0.0,8.0,8.0,8.0,0.0
941,RS,201604,7.0,0.0,15.0,0.0,15.0,15.0,15.0,0.0
572,RS,201605,6.0,0.0,21.0,0.0,21.0,21.0,21.0,0.0
297,RS,201606,6.0,0.0,27.0,0.0,27.0,27.0,27.0,0.0
92,RS,201607,7.0,0.0,34.0,0.0,34.0,34.0,34.0,0.0
1010,RS,201608,9.0,0.0,43.0,0.0,43.0,43.0,43.0,0.0
365,RS,201609,9.0,1.0,52.0,1.0,51.0,51.0,52.0,0.019230769230769232
626,RS,201610,11.0,0.0,63.0,1.0,62.0,62.0,62.0,0.0
195,RS,201611,8.0,0.0,71.0,1.0,70.0,70.0,70.0,0.0
129,RS,201612,3.0,0.0,74.0,1.0,73.0,73.0,73.0,0.0
271,RS,201701,6.0,0.0,80.0,1.0,79.0,79.0,79.0,0.0
63,RS,201702,10.0,0.0,90.0,1.0,89.0,89.0,89.0,0.0
1605,RS,201703,2.0,0.0,92.0,1.0,91.0,91.0,91.0,0.0
68,RS,201704,5.0,0.0,97.0,1.0,96.0,96.0,96.0,0.0
215,RS,201705,5.0,0.0,102.0,1.0,101.0,101.0,101.0,0.0
1005,RS,201706,6.0,1.0,108.0,2.0,106.0,106.0,107.0,0.009345794392523364
1343,RS,201707,6.0,0.0,114.0,2.0,112.0,112.0,112.0,0.0
1509,RS,201708,5.0,0.0,119.0,2.0,117.0,117.0,117.0,0.0
392,RS,201709,7.0,0.0,126.0,2.0,124.0,124.0,124.0,0.0
1324,RS,201710,3.0,1.0,129.0,3.0,126.0,126.0,127.0,0.007874015748031496
916,RS,201711,12.0,0.0,141.0,3.0,138.0,138.0,138.0,0.0
695,RS,201712,8.0,0.0,149.0,3.0,146.0,146.0,146.0,0.0
140,RS,201801,9.0,0.0,158.0,3.0,155.0,155.0,155.0,0.0
893,RS,201802,9.0,0.0,167.0,3.0,164.0,164.0,164.0,0.0
798,RS,201803,6.0,0.0,173.0,3.0,170.0,170.0,170.0,0.0
229,RS,201804,9.0,0.0,182.0,3.0,179.0,179.0,179.0,0.0
1116,RS,201805,5.0,0.0,187.0,3.0,184.0,184.0,184.0,0.0
1456,RS,201806,5.0,0.0,192.0,3.0,189.0,189.0,189.0,0.0
673,RS,201807,7.0,1.0,199.0,4.0,195.0,195.0,196.0,0.00510204081632653
1289,RS,201808,9.0,0.0,208.0,4.0,204.0,204.0,204.0,0.0
138,RS,201809,2.0,0.0,210.0,4.0,206.0,206.0,206.0,0.0
451,RS,201810,7.0,0.0,217.0,4.0,213.0,213.0,213.0,0.0
638,RS,201811,3.0,0.0,220.0,4.0,216.0,216.0,216.0,0.0
1061,RS,201812,7.0,0.0,227.0,4.0,223.0,223.0,223.0,0.0
1601,RS,201901,4.0,0.0,231.0,4.0,227.0,227.0,227.0,0.0
543,RS,201902,9.0,1.0,240.0,5.0,235.0,235.0,236.0,0.00423728813559322
370,RS,201903,7.0,1.0,247.0,6.0,241.0,241.0,242.0,0.004132231404958678
180,RS,201904,11.0,0.0,258.0,6.0,252.0,252.0,252.0,0.0
1315,RS,201905,5.0,0.0,263.0,6.0,257.0,257.0,257.0,0.0
1454,RS,201906,6.0,1.0,269.0,7.0,262.0,262.0,263.0,0.0038022813688212928
1316,RS,201907,8.0,1.0,277.0,8.0,269.0,269.0,270.0,0.003703703703703704
1530,RS,201908,2.0,0.0,279.0,8.0,271.0,271.0,271.0,0.0
1618,RS,201909,1.0,2.0,280.0,10.0,270.0,270.0,272.0,0.007352941176470588
139,RS,201910,8.0,1.0,288.0,11.0,277.0,277.0,278.0,0.0035971223021582736
859,RS,201911,12.0,0.0,300.0,11.0,289.0,289.0,289.0,0.0
664,RS,201912,6.0,1.0,306.0,12.0,294.0,294.0,295.0,0.003389830508474576
773,RS,202001,4.0,0.0,310.0,12.0,298.0,298.0,298.0,0.0
391,RS,202002,3.0,1.0,313.0,13.0,300.0,300.0,301.0,0.0033222591362126247
396,RS,202003,8.0,0.0,321.0,13.0,308.0,308.0,308.0,0.0
851,RS,202004,5.0,0.0,326.0,13.0,313.0,313.0,313.0,0.0
837,RS,202005,4.0,1.0,330.0,14.0,316.0,316.0,317.0,0.0031545741324921135
796,RS,202006,5.0,0.0,335.0,14.0,321.0,321.0,321.0,0.0
1340,RS,202007,8.0,0.0,343.0,14.0,329.0,329.0,329.0,0.0
355,RS,202008,7.0,1.0,350.0,15.0,335.0,335.0,336.0,0.002976190476190476
731,RS,202009,4.0,3.0,354.0,18.0,336.0,336.0,339.0,0.008849557522123894
1287,RS,202010,2.0,0.0,356.0,18.0,338.0,338.0,338.0,0.0
1241,RS,202011,7.0,1.0,363.0,19.0,344.0,344.0,345.0,0.002898550724637681
212,RS,202012,5.0,2.0,368.0,21.0,347.0,347.0,349.0,0.0057306590257879654
998,RS,202101,10.0,1.0,378.0,22.0,356.0,356.0,357.0,0.0028011204481792717
1174,RS,202102,4.0,3.0,382.0,25.0,357.0,357.0,360.0,0.008333333333333333
202,SC,201602,3.0,0.0,3.0,0.0,3.0,3.0,3.0,0.0
499,SC,201603,8.0,0.0,11.0,0.0,11.0,11.0,11.0,0.0
1591,SC,201604,3.0,0.0,14.0,0.0,14.0,14.0,14.0,0.0
635,SC,201605,7.0,0.0,21.0,0.0,21.0,21.0,21.0,0.0
1312,SC,201606,6.0,1.0,27.0,1.0,26.0,26.0,27.0,0.037037037037037035
989,SC,201607,6.0,0.0,33.0,1.0,32.0,32.0,32.0,0.0
587,SC,201608,6.0,0.0,39.0,1.0,38.0,38.0,38.0,0.0
719,SC,201609,10.0,0.0,49.0,1.0,48.0,48.0,48.0,0.0
1091,SC,201610,5.0,0.0,54.0,1.0,53.0,53.0,53.0,0.0
381,SC,201611,5.0,0.0,59.0,1.0,58.0,58.0,58.0,0.0
803,SC,201612,9.0,0.0,68.0,1.0,67.0,67.0,67.0,0.0
685,SC,201701,5.0,0.0,73.0,1.0,72.0,72.0,72.0,0.0
1168,SC,201702,5.0,0.0,78.0,1.0,77.0,77.0,77.0,0.0
1562,SC,201703,6.0,0.0,84.0,1.0,83.0,83.0,83.0,0.0
1342,SC,201704,2.0,0.0,86.0,1.0,85.0,85.0,85.0,0.0
620,SC,201705,9.0,0.0,95.0,1.0,94.0,94.0,94.0,0.0
561,SC,201706,7.0,0.0,102.0,1.0,101.0,101.0,101.0,0.0
1479,SC,201707,4.0,0.0,106.0,1.0,105.0,105.0,105.0,0.0
755,SC,201708,9.0,0.0,115.0,1.0,114.0,114.0,114.0,0.0
78,SC,201709,6.0,1.0,121.0,2.0,119.0,119.0,120.0,0.008333333333333333
7,SC,201710,9.0,0.0,130.0,2.0,128.0,128.0,128.0,0.0
883,SC,201711,8.0,0.0,138.0,2.0,136.0,136.0,136.0,0.0
197,SC,201712,6.0,0.0,144.0,2.0,142.0,142.0,142.0,0.0
1266,SC,201801,7.0,0.0,151.0,2.0,149.0,149.0,149.0,0.0
357,SC,201802,8.0,1.0,159.0,3.0,156.0,156.0,157.0,0.006369426751592357
1072,SC,201803,9.0,0.0,168.0,3.0,165.0,165.0,165.0,0.0
395,SC,201804,5.0,0.0,173.0,3.0,170.0,170.0,170.0,0.0
1351,SC,201805,6.0,0.0,179.0,3.0,176.0,176.0,176.0,0.0
918,SC,201806,5.0,0.0,184.0,3.0,181.0,181.0,181.0,0.0
403,SC,201807,3.0,0.0,187.0,3.0,184.0,184.0,184.0,0.0
993,SC,201808,9.0,0.0,196.0,3.0,193.0,193.0,193.0,0.0
811,SC,201809,7.0,0.0,203.0,3.0,200.0,200.0,200.0,0.0
690,SC,201810,7.0,0.0,210.0,3.0,207.0,207.0,207.0,0.0
666,SC,201811,5.0,0.0,215.0,3.0,212.0,212.0,212.0,0.0
923,SC,201812,7.0,0.0,222.0,3.0,219.0,219.0,219.0,0.0
1120,SC,201901,3.0,0.0,225.0,3.0,222.0,222.0,222.0,0.0
769,SC,201902,9.0,0.0,234.0,3.0,231.0,231.0,231.0,0.0
643,SC,201903,5.0,0.0,239.0,3.0,236.0,236.0,236.0,0.0
531,SC,201904,11.0,0.0,250.0,3.0,247.0,247.0,247.0,0.0
659,SC,201905,6.0,0.0,256.0,3.0,253.0,253.0,253.0,0.0
386,SC,201906,6.0,0.0,262.0,3.0,259.0,259.0,259.0,0.0
300,SC,201907,4.0,0.0,266.0,3.0,263.0,263.0,263.0,0.0
1327,SC,201908,9.0,1.0,275.0,4.0,271.0,271.0,272.0,0.003676470588235294
747,SC,201909,6.0,0.0,281.0,4.0,277.0,277.0,277.0,0.0
125,SC,201910,8.0,1.0,289.0,5.0,284.0,284.0,285.0,0.0035087719298245615
1280,SC,201911,2.0,0.0,291.0,5.0,286.0,286.0,286.0,0.0
1016,SC,201912,5.0,0.0,296.0,5.0,291.0,291.0,291.0,0.0
1531,SC,202001,5.0,0.0,301.0,5.0,296.0,296.0,296.0,0.0
1455,SC,202002,2.0,0.0,303.0,5.0,298.0,298.0,298.0,0.0
1374,SC,202003,6.0,0.0,309.0,5.0,304.0,304.0,304.0,0.0
741,SC,202004,7.0,0.0,316.0,5.0,311.0,311.0,311.0,0.0
1090,SC,202005,4.0,0.0,320.0,5.0,315.0,315.0,315.0,0.0
888,SC,202006,11.0,0.0,331.0,5.0,326.0,326.0,326.0,0.0
875,SC,202007,6.0,0.0,337.0,5.0,332.0,332.0,332.0,0.0
761,SC,202008,5.0,1.0,342.0,6.0,336.0,336.0,337.0,0.002967359050445104
489,SC,202009,7.0,0.0,349.0,6.0,343.0,343.0,343.0,0.0
1511,SC,202010,1.0,0.0,350.0,6.0,344.0,344.0,344.0,0.0
816,SC,202011,7.0,2.0,357.0,8.0,349.0,349.0,351.0,0.005698005698005698
984,SC,202012,6.0,2.0,363.0,10.0,353.0,353.0,355.0,0.005633802816901409
249,SC,202101,5.0,2.0,368.0,12.0,356.0,356.0,358.0,0.00558659217877095
1143,SC,202102,2.0,0.0,370.0,12.0,358.0,358.0,358.0,0.0
1255,SE,201602,5.0,0.0,5.0,0.0,5.0,5.0,5.0,0.0
1082,SE,201603,4.0,0.0,9.0,0.0,9.0,9.0,9.0,0.0
1137,SE,201604,5.0,0.0,14.0,0.0,14.0,14.0,14.0,0.0
1184,SE,201605,5.0,0.0,19.0,0.0,19.0,19.0,19.0,0.0
1175,SE,201606,7.0,0.0,26.0,0.0,26.0,26.0,26.0,0.0
1405,SE,201607,3.0,0.0,29.0,0.0,29.0,29.0,29.0,0.0
1421,SE,201608,7.0,0.0,36.0,0.0,36.0,36.0,36.0,0.0
1397,SE,201609,5.0,0.0,41.0,0.0,41.0,41.0,41.0,0.0
822,SE,201610,6.0,0.0,47.0,0.0,47.0,47.0,47.0,0.0
1228,SE,201611,3.0,0.0,50.0,0.0,50.0,50.0,50.0,0.0
1355,SE,201612,5.0,0.0,55.0,0.0,55.0,55.0,55.0,0.0
492,SE,201701,6.0,0.0,61.0,0.0,61.0,61.0,61.0,0.0
1571,SE,201702,1.0,0.0,62.0,0.0,62.0,62.0,62.0,0.0
943,SE,201703,8.0,0.0,70.0,0.0,70.0,70.0,70.0,0.0
479,SE,201704,7.0,0.0,77.0,0.0,77.0,77.0,77.0,0.0
905,SE,201705,9.0,0.0,86.0,0.0,86.0,86.0,86.0,0.0
1489,SE,201706,5.0,1.0,91.0,1.0,90.0,90.0,91.0,0.01098901098901099
1064,SE,201707,6.0,1.0,97.0,2.0,95.0,95.0,96.0,0.010416666666666666
1386,SE,201708,4.0,0.0,101.0,2.0,99.0,99.0,99.0,0.0
1264,SE,201709,5.0,0.0,106.0,2.0,104.0,104.0,104.0,0.0
500,SE,201710,11.0,0.0,117.0,2.0,115.0,115.0,115.0,0.0
724,SE,201711,12.0,0.0,129.0,2.0,127.0,127.0,127.0,0.0
925,SE,201712,9.0,0.0,138.0,2.0,136.0,136.0,136.0,0.0
915,SE,201801,6.0,2.0,144.0,4.0,140.0,140.0,142.0,0.014084507042253521
1387,SE,201802,5.0,0.0,149.0,4.0,145.0,145.0,145.0,0.0
829,SE,201803,7.0,0.0,156.0,4.0,152.0,152.0,152.0,0.0
1001,SE,201804,7.0,0.0,163.0,4.0,159.0,159.0,159.0,0.0
570,SE,201805,7.0,0.0,170.0,4.0,166.0,166.0,166.0,0.0
272,SE,201806,5.0,0.0,175.0,4.0,171.0,171.0,171.0,0.0
1505,SE,201807,3.0,0.0,178.0,4.0,174.0,174.0,174.0,0.0
1019,SE,201808,6.0,0.0,184.0,4.0,180.0,180.0,180.0,0.0
1392,SE,201809,3.0,0.0,187.0,4.0,183.0,183.0,183.0,0.0
694,SE,201810,4.0,1.0,191.0,5.0,186.0,186.0,187.0,0.0053475935828877
162,SE,201811,7.0,0.0,198.0,5.0,193.0,193.0,193.0,0.0
1362,SE,201812,8.0,0.0,206.0,5.0,201.0,201.0,201.0,0.0
1629,SE,201901,1.0,0.0,207.0,5.0,202.0,202.0,202.0,0.0
1474,SE,201902,4.0,0.0,211.0,5.0,206.0,206.0,206.0,0.0
1335,SE,201903,8.0,0.0,219.0,5.0,214.0,214.0,214.0,0.0
735,SE,201904,6.0,1.0,225.0,6.0,219.0,219.0,220.0,0.004545454545454545
835,SE,201905,7.0,0.0,232.0,6.0,226.0,226.0,226.0,0.0
750,SE,201906,9.0,0.0,241.0,6.0,235.0,235.0,235.0,0.0
507,SE,201907,8.0,0.0,249.0,6.0,243.0,243.0,243.0,0.0
995,SE,201908,4.0,0.0,253.0,6.0,247.0,247.0,247.0,0.0
332,SE,201909,9.0,0.0,262.0,6.0,256.0,256.0,256.0,0.0
1129,SE,201910,6.0,2.0,268.0,8.0,260.0,260.0,262.0,0.007633587786259542
1132,SE,201911,6.0,1.0,274.0,9.0,265.0,265.0,266.0,0.0037593984962406013
1031,SE,201912,5.0,0.0,279.0,9.0,270.0,270.0,270.0,0.0
1169,SE,202001,5.0,1.0,284.0,10.0,274.0,274.0,275.0,0.0036363636363636364
1131,SE,202002,7.0,1.0,291.0,11.0,280.0,280.0,281.0,0.0035587188612099642
61,SE,202003,4.0,0.0,295.0,11.0,284.0,284.0,284.0,0.0
838,SE,202004,4.0,3.0,299.0,14.0,285.0,285.0,288.0,0.010416666666666666
825,SE,202005,8.0,0.0,307.0,14.0,293.0,293.0,293.0,0.0
95,SE,202006,10.0,0.0,317.0,14.0,303.0,303.0,303.0,0.0
501,SE,202007,6.0,0.0,323.0,14.0,309.0,309.0,309.0,0.0
700,SE,202008,6.0,1.0,329.0,15.0,314.0,314.0,315.0,0.0031746031746031746
526,SE,202009,7.0,2.0,336.0,17.0,319.0,319.0,321.0,0.006230529595015576
1042,SE,202010,7.0,2.0,343.0,19.0,324.0,324.0,326.0,0.006134969325153374
84,SE,202011,6.0,1.0,349.0,20.0,329.0,329.0,330.0,0.0030303030303030303
171,SE,202012,9.0,1.0,358.0,21.0,337.0,337.0,338.0,0.0029585798816568047
437,SE,202101,3.0,1.0,361.0,22.0,339.0,339.0,340.0,0.0029411764705882353
804,SE,202102,6.0,2.0,367.0,24.0,343.0,343.0,345.0,0.005797101449275362
24,SP,201602,2.0,0.0,2.0,0.0,2.0,2.0,2.0,0.0
622,SP,201603,9.0,0.0,11.0,0.0,11.0,11.0,11.0,0.0
1632,SP,201604,1.0,0.0,12.0,0.0,12.0,12.0,12.0,0.0
1215,SP,201605,9.0,0.0,21.0,0.0,21.0,21.0,21.0,0.0
789,SP,201606,6.0,0.0,27.0,0.0,27.0,27.0,27.0,0.0
1079,SP,201607,4.0,0.0,31.0,0.0,31.0,31.0,31.0,0.0
503,SP,201608,4.0,0.0,35.0,0.0,35.0,35.0,35.0,0.0
1460,SP,201609,3.0,0.0,38.0,0.0,38.0,38.0,38.0,0.0
760,SP,201610,5.0,0.0,43.0,0.0,43.0,43.0,43.0,0.0
730,SP,201611,5.0,0.0,48.0,0.0,48.0,48.0,48.0,0.0
1498,SP,201612,5.0,0.0,53.0,0.0,53.0,53.0,53.0,0.0
182,SP,201701,8.0,0.0,61.0,0.0,61.0,61.0,61.0,0.0
1021,SP,201702,8.0,0.0,69.0,0.0,69.0,69.0,69.0,0.0
188,SP,201703,10.0,0.0,79.0,0.0,79.0,79.0,79.0,0.0
488,SP,201704,6.0,0.0,85.0,0.0,85.0,85.0,85.0,0.0
954,SP,201705,3.0,0.0,88.0,0.0,88.0,88.0,88.0,0.0
174,SP,201706,5.0,0.0,93.0,0.0,93.0,93.0,93.0,0.0
896,SP,201707,4.0,0.0,97.0,0.0,97.0,97.0,97.0,0.0
1395,SP,201708,5.0,0.0,102.0,0.0,102.0,102.0,102.0,0.0
22,SP,201709,7.0,1.0,109.0,1.0,108.0,108.0,109.0,0.009174311926605505
1500,SP,201710,6.0,1.0,115.0,2.0,113.0,113.0,114.0,0.008771929824561403
671,SP,201711,9.0,0.0,124.0,2.0,122.0,122.0,122.0,0.0
173,SP,201712,8.0,0.0,132.0,2.0,130.0,130.0,130.0,0.0
462,SP,201801,4.0,0.0,136.0,2.0,134.0,134.0,134.0,0.0
1286,SP,201802,3.0,0.0,139.0,2.0,137.0,137.0,137.0,0.0
228,SP,201803,5.0,0.0,144.0,2.0,142.0,142.0,142.0,0.0
765,SP,201804,5.0,0.0,149.0,2.0,147.0,147.0,147.0,0.0
315,SP,201805,9.0,0.0,158.0,2.0,156.0,156.0,156.0,0.0
1166,SP,201806,3.0,0.0,161.0,2.0,159.0,159.0,159.0,0.0
1619,SP,201807,1.0,0.0,162.0,2.0,160.0,160.0,160.0,0.0
799,SP,201808,7.0,0.0,169.0,2.0,167.0,167.0,167.0,0.0
624,SP,201809,4.0,0.0,173.0,2.0,171.0,171.0,171.0,0.0
1271,SP,201810,8.0,1.0,181.0,3.0,178.0,178.0,179.0,0.00558659217877095
480,SP,201811,7.0,0.0,188.0,3.0,185.0,185.0,185.0,0.0
703,SP,201812,8.0,2.0,196.0,5.0,191.0,191.0,193.0,0.010362694300518135
196,SP,201901,7.0,0.0,203.0,5.0,198.0,198.0,198.0,0.0
734,SP,201902,6.0,0.0,209.0,5.0,204.0,204.0,204.0,0.0
988,SP,201903,3.0,1.0,212.0,6.0,206.0,206.0,207.0,0.004830917874396135
457,SP,201904,6.0,0.0,218.0,6.0,212.0,212.0,212.0,0.0
13,SP,201905,10.0,0.0,228.0,6.0,222.0,222.0,222.0,0.0
1229,SP,201906,4.0,0.0,232.0,6.0,226.0,226.0,226.0,0.0
945,SP,201907,6.0,1.0,238.0,7.0,231.0,231.0,232.0,0.004310344827586207
1609,SP,201908,4.0,0.0,242.0,7.0,235.0,235.0,235.0,0.0
753,SP,201909,9.0,0.0,251.0,7.0,244.0,244.0,244.0,0.0
827,SP,201910,3.0,0.0,254.0,7.0,247.0,247.0,247.0,0.0
1345,SP,201911,5.0,0.0,259.0,7.0,252.0,252.0,252.0,0.0
1443,SP,201912,7.0,1.0,266.0,8.0,258.0,258.0,259.0,0.003861003861003861
43,SP,202001,10.0,0.0,276.0,8.0,268.0,268.0,268.0,0.0
710,SP,202002,9.0,0.0,285.0,8.0,277.0,277.0,277.0,0.0
470,SP,202003,6.0,0.0,291.0,8.0,283.0,283.0,283.0,0.0
192,SP,202004,10.0,0.0,301.0,8.0,293.0,293.0,293.0,0.0
762,SP,202005,5.0,1.0,306.0,9.0,297.0,297.0,298.0,0.003355704697986577
980,SP,202006,5.0,0.0,311.0,9.0,302.0,302.0,302.0,0.0
732,SP,202007,4.0,1.0,315.0,10.0,305.0,305.0,306.0,0.0032679738562091504
1404,SP,202008,5.0,0.0,320.0,10.0,310.0,310.0,310.0,0.0
921,SP,202009,7.0,1.0,327.0,11.0,316.0,316.0,317.0,0.0031545741324921135
364,SP,202010,7.0,0.0,334.0,11.0,323.0,323.0,323.0,0.0
971,SP,202011,5.0,0.0,339.0,11.0,328.0,328.0,328.0,0.0
1325,SP,202012,8.0,3.0,347.0,14.0,333.0,333.0,336.0,0.008928571428571428
949,SP,202101,5.0,0.0,352.0,14.0,338.0,338.0,338.0,0.0
1625,SP,202102,2.0,2.0,354.0,16.0,338.0,338.0,340.0,0.0058823529411764705
625,TO,201602,4.0,0.0,4.0,0.0,4.0,4.0,4.0,0.0
606,TO,201603,8.0,0.0,12.0,0.0,12.0,12.0,12.0,0.0
475,TO,201604,8.0,0.0,20.0,0.0,20.0,20.0,20.0,0.0
151,TO,201605,4.0,0.0,24.0,0.0,24.0,24.0,24.0,0.0
1193,TO,201606,6.0,0.0,30.0,0.0,30.0,30.0,30.0,0.0
1127,TO,201607,9.0,0.0,39.0,0.0,39.0,39.0,39.0,0.0
387,TO,201608,6.0,0.0,45.0,0.0,45.0,45.0,45.0,0.0
427,TO,201609,4.0,0.0,49.0,0.0,49.0,49.0,49.0,0.0
900,TO,201610,8.0,0.0,57.0,0.0,57.0,57.0,57.0,0.0
595,TO,201611,9.0,0.0,66.0,0.0,66.0,66.0,66.0,0.0
1058,TO,201612,4.0,0.0,70.0,0.0,70.0,70.0,70.0,0.0
1319,TO,201701,5.0,0.0,75.0,0.0,75.0,75.0,75.0,0.0
159,TO,201702,11.0,0.0,86.0,0.0,86.0,86.0,86.0,0.0
681,TO,201703,10.0,0.0,96.0,0.0,96.0,96.0,96.0,0.0
955,TO,201704,12.0,0.0,108.0,0.0,108.0,108.0,108.0,0.0
848,TO,201705,5.0,0.0,113.0,0.0,113.0,113.0,113.0,0.0
1463,TO,201706,5.0,1.0,118.0,1.0,117.0,117.0,118.0,0.00847457627118644
105,TO,201707,5.0,0.0,123.0,1.0,122.0,122.0,122.0,0.0
213,TO,201708,9.0,0.0,132.0,1.0,131.0,131.0,131.0,0.0
465,TO,201709,8.0,0.0,140.0,1.0,139.0,139.0,139.0,0.0
898,TO,201710,6.0,0.0,146.0,1.0,145.0,145.0,145.0,0.0
1437,TO,201711,4.0,0.0,150.0,1.0,149.0,149.0,149.0,0.0
1382,TO,201712,5.0,0.0,155.0,1.0,154.0,154.0,154.0,0.0
919,TO,201801,5.0,0.0,160.0,1.0,159.0,159.0,159.0,0.0
343,TO,201802,6.0,0.0,166.0,1.0,165.0,165.0,165.0,0.0
455,TO,201803,3.0,0.0,169.0,1.0,168.0,168.0,168.0,0.0
1517,TO,201804,6.0,0.0,175.0,1.0,174.0,174.0,174.0,0.0
231,TO,201805,6.0,1.0,181.0,2.0,179.0,179.0,180.0,0.005555555555555556
1535,TO,201806,2.0,0.0,183.0,2.0,181.0,181.0,181.0,0.0
371,TO,201807,9.0,1.0,192.0,3.0,189.0,189.0,190.0,0.005263157894736842
821,TO,201808,10.0,0.0,202.0,3.0,199.0,199.0,199.0,0.0
560,TO,201809,5.0,0.0,207.0,3.0,204.0,204.0,204.0,0.0
550,TO,201810,7.0,0.0,214.0,3.0,211.0,211.0,211.0,0.0
111,TO,201811,8.0,0.0,222.0,3.0,219.0,219.0,219.0,0.0
367,TO,201812,7.0,0.0,229.0,3.0,226.0,226.0,226.0,0.0
104,TO,201901,8.0,0.0,237.0,3.0,234.0,234.0,234.0,0.0
217,TO,201902,11.0,0.0,248.0,3.0,245.0,245.0,245.0,0.0
1115,TO,201903,7.0,0.0,255.0,3.0,252.0,252.0,252.0,0.0
194,TO,201904,10.0,2.0,265.0,5.0,260.0,260.0,262.0,0.007633587786259542
513,TO,201905,8.0,2.0,273.0,7.0,266.0,266.0,268.0,0.007462686567164179
275,TO,201906,3.0,0.0,276.0,7.0,269.0,269.0,269.0,0.0
1231,TO,201907,7.0,3.0,283.0,10.0,273.0,273.0,276.0,0.010869565217391304
1472,TO,201908,5.0,0.0,288.0,10.0,278.0,278.0,278.0,0.0
221,TO,201909,6.0,0.0,294.0,10.0,284.0,284.0,284.0,0.0
1192,TO,201910,5.0,0.0,299.0,10.0,289.0,289.0,289.0,0.0
707,TO,201911,7.0,0.0,306.0,10.0,296.0,296.0,296.0,0.0
406,TO,201912,7.0,1.0,313.0,11.0,302.0,302.0,303.0,0.0033003300330033004
858,TO,202001,6.0,1.0,319.0,12.0,307.0,307.0,308.0,0.003246753246753247
828,TO,202002,6.0,0.0,325.0,12.0,313.0,313.0,313.0,0.0
640,TO,202003,10.0,0.0,335.0,12.0,323.0,323.0,323.0,0.0
1023,TO,202004,7.0,0.0,342.0,12.0,330.0,330.0,330.0,0.0
717,TO,202005,9.0,0.0,351.0,12.0,339.0,339.0,339.0,0.0
1138,TO,202006,7.0,1.0,358.0,13.0,345.0,345.0,346.0,0.002890173410404624
190,TO,202007,6.0,0.0,364.0,13.0,351.0,351.0,351.0,0.0
260,TO,202008,5.0,1.0,369.0,14.0,355.0,355.0,356.0,0.0028089887640449437
1265,TO,202009,8.0,1.0,377.0,15.0,362.0,362.0,363.0,0.0027548209366391185
1453,TO,202010,6.0,3.0,383.0,18.0,365.0,365.0,368.0,0.008152173913043478
1194,TO,202011,7.0,4.0,390.0,22.0,368.0,368.0,372.0,0.010752688172043012
1339,TO,202012,4.0,1.0,394.0,23.0,371.0,371.0,372.0,0.002688172043010753
1198,TO,202101,8.0,1.0,402.0,24.0,378.0,378.0,379.0,0.002638522427440633
1173,TO,202102,7.0,0.0,409.0,24.0,385.0,385.0,385.0,0.0
